Test execution requested, enabling test build automatically
Configuring CMake...
Build directory: /work/modules/redisearch/src/bin/linux-aarch64-release/search-community
cmake /work/modules/redisearch/src -DCOORD_TYPE=oss -DBUILD_SEARCH_UNIT_TESTS=ON -DREDISEARCH_GENERATE_HEADERS=OFF -DCMAKE_BUILD_TYPE=RelWithDebInfo -DCMAKE_SHARED_LIBRARY_SUFFIX=.so -UCMAKE_TOOLCHAIN_FILE -DSVS_SHARED_LIB=OFF -DINLINE_LSE_ATOMICS=OFF -DRUST_PROFILE=optimised_test  -DENABLE_ASSERT=1
-- OS detected: linux
# CMAKE_C_COMPILER_ID: GNU
-- SAN: 
-- COV: 
Detected version: 1.3.0
-- BOOST_DIR: /work/modules/redisearch/src/.install/boost
-- BOOST_DIR '/work/modules/redisearch/src/.install/boost' is not a valid boost directory path
-- fetching boost
-- Populating boost
-- Configuring done (0.0s)
-- Generating done (0.0s)
-- Build files have been written to: /work/modules/redisearch/src/bin/linux-aarch64-release/search-community/_deps/boost-subbuild
[100%] Built target boost-populate
-- boost fetched
-- boost source dir: /work/modules/redisearch/src/bin/linux-aarch64-release/search-community/_deps/boost-src
-- boost binary dir: /work/modules/redisearch/src/bin/linux-aarch64-release/search-community/_deps/boost-build
-- BOOST_DIR: /work/modules/redisearch/src/bin/linux-aarch64-release/search-community/_deps/boost-src
-- summary of build options:
    Install prefix:  /usr/local
    Target system:   Linux
    Compiler:
      C compiler:    /usr/bin/cc (GNU)
      CFLAGS:          -fPIC -g -pthread -fno-strict-aliasing -Wno-unused-function -Wno-unused-variable -Wno-sign-compare -fcommon -funsigned-char -Werror=format

# VectorSimilarity root: /work/modules/redisearch/src/deps/VectorSimilarity
# VectorSimilarity binroot: /work/modules/redisearch/src/bin/linux-aarch64-release/search-community/src/VectorSimilarity
-- SVS support enabled
-- SVS LVQ is not supported on this architecture
-- Detected GLIBC version: 2.39
-- Detected GLIBCXX_RELEASE (GCC major): 13
-- Populating eve
-- Configuring done (0.0s)
-- Generating done (0.0s)
-- Build files have been written to: /work/modules/redisearch/src/bin/linux-aarch64-release/search-community/_deps/eve-subbuild
[ 11%] Performing update step for 'eve-populate'
[ 22%] No patch step for 'eve-populate'
[ 33%] No configure step for 'eve-populate'
[ 44%] No build step for 'eve-populate'
[ 55%] No install step for 'eve-populate'
[ 66%] No test step for 'eve-populate'
[ 77%] Completed 'eve-populate'
[100%] Built target eve-populate
-- [eve] Building RelWithDebInfo mode with:  -fPIC -g -pthread -fno-strict-aliasing -Wno-unused-function -Wno-unused-variable -Wno-sign-compare -Werror=format -fexceptions -fPIC   
-- [eve] Use PCH            : ON  (via EVE_USE_PCH)
-- [eve] Unit tests         : OFF (via EVE_BUILD_TEST)
-- [eve] Random tests       : OFF (via EVE_BUILD_RANDOM)
-- [eve] Integration tests  : OFF (via EVE_BUILD_INTEGRATION)
-- [eve] Benchmarks tests   : OFF (via EVE_BUILD_BENCHMARKS)
-- Could NOT find Doxygen (missing: DOXYGEN_EXECUTABLE) 
-- [eve] Doxygen need to be installed to generate the doxygen documentation
-- Populating robinmap
-- Configuring done (0.0s)
-- Generating done (0.0s)
-- Build files have been written to: /work/modules/redisearch/src/bin/linux-aarch64-release/search-community/_deps/robinmap-subbuild
[ 11%] Performing update step for 'robinmap-populate'
[ 22%] No patch step for 'robinmap-populate'
[ 33%] No configure step for 'robinmap-populate'
[ 44%] No build step for 'robinmap-populate'
[ 55%] No install step for 'robinmap-populate'
[ 66%] No test step for 'robinmap-populate'
[ 77%] Completed 'robinmap-populate'
[100%] Built target robinmap-populate
-- Populating fmt
-- Configuring done (0.0s)
-- Generating done (0.0s)
-- Build files have been written to: /work/modules/redisearch/src/bin/linux-aarch64-release/search-community/_deps/fmt-subbuild
[ 11%] Performing update step for 'fmt-populate'
[ 22%] No patch step for 'fmt-populate'
[ 33%] No configure step for 'fmt-populate'
[ 44%] No build step for 'fmt-populate'
[ 55%] No install step for 'fmt-populate'
[ 66%] No test step for 'fmt-populate'
[ 77%] Completed 'fmt-populate'
[100%] Built target fmt-populate
-- {fmt} version: 12.1.0
-- Build type: RelWithDebInfo
-- Populating spdlog
-- Configuring done (0.0s)
-- Generating done (0.0s)
-- Build files have been written to: /work/modules/redisearch/src/bin/linux-aarch64-release/search-community/_deps/spdlog-subbuild
[ 11%] Performing update step for 'spdlog-populate'
[ 22%] No patch step for 'spdlog-populate'
[ 33%] No configure step for 'spdlog-populate'
[ 44%] No build step for 'spdlog-populate'
[ 55%] No install step for 'spdlog-populate'
[ 66%] No test step for 'spdlog-populate'
[ 77%] Completed 'spdlog-populate'
[100%] Built target spdlog-populate
-- Build spdlog: 1.15.3
-- Build type: RelWithDebInfo
-- Generating install
-- Populating tomlplusplus
-- Configuring done (0.0s)
-- Generating done (0.0s)
-- Build files have been written to: /work/modules/redisearch/src/bin/linux-aarch64-release/search-community/_deps/tomlplusplus-subbuild
[ 11%] Performing update step for 'tomlplusplus-populate'
[ 22%] Performing patch step for 'tomlplusplus-populate'
[ 33%] No configure step for 'tomlplusplus-populate'
[ 44%] No build step for 'tomlplusplus-populate'
[ 55%] No install step for 'tomlplusplus-populate'
[ 66%] No test step for 'tomlplusplus-populate'
[ 77%] Completed 'tomlplusplus-populate'
[100%] Built target tomlplusplus-populate
SVS LVQ implementation not found
-- Populating cpu_features
-- Configuring done (0.0s)
-- Generating done (0.0s)
-- Build files have been written to: /work/modules/redisearch/src/bin/linux-aarch64-release/search-community/_deps/cpu_features-subbuild
[ 11%] Performing update step for 'cpu_features-populate'
[ 22%] No patch step for 'cpu_features-populate'
[ 33%] No configure step for 'cpu_features-populate'
[ 44%] No build step for 'cpu_features-populate'
[ 55%] No install step for 'cpu_features-populate'
[ 66%] No test step for 'cpu_features-populate'
[ 77%] Completed 'cpu_features-populate'
[100%] Built target cpu_features-populate
-- Building for ARM aarch64
-- Using ARMv9.0-a with SVE2 (supported by CPU)
-- Using ARMv8.0-a with NEON
-- Using ARMv8.2-a with NEON half-percision extension
Building with ARMV8.2 with dotprod
Building with ARMV8A
Building with NEON+HP
Building with NEON + BF16
Building with SVE
Building with SVE + BF16
Building with ARMV9A and SVE2
-- CXXFLAGS:          -fPIC -g -pthread -fno-strict-aliasing -Wno-unused-function -Wno-unused-variable -Wno-sign-compare -Werror=format -fexceptions -fPIC   
-- COMPILE_DEFS:     REDISEARCH_MODULE_NAME="search";REDISMODULE_SDK_RLEC;_GNU_SOURCE;REDIS_MODULE_TARGET;ENABLE_ASSERT=1;HAVE_SVS=1;VectorSimilarity;PUBLIC;HAVE_SVS_LVQ=0
-- LDFLAGS:            
CMake Warning (dev) at src/geometry/CMakeLists.txt:7 (find_package):
  Policy CMP0144 is not set: find_package uses upper-case <PACKAGENAME>_ROOT
  variables.  Run "cmake --help-policy CMP0144" for policy details.  Use the
  cmake_policy command to set the policy and suppress this warning.

  CMake variable BOOST_ROOT is set to:

    /work/modules/redisearch/src/bin/linux-aarch64-release/search-community/_deps/boost-src

  For compatibility, find_package is ignoring the variable, but code in a
  .cmake module might still use it.
This warning is for project developers.  Use -Wno-dev to suppress it.

CMake Warning (dev) at src/util/hash/CMakeLists.txt:10 (find_package):
  Policy CMP0144 is not set: find_package uses upper-case <PACKAGENAME>_ROOT
  variables.  Run "cmake --help-policy CMP0144" for policy details.  Use the
  cmake_policy command to set the policy and suppress this warning.

  CMake variable BOOST_ROOT is set to:

    /work/modules/redisearch/src/bin/linux-aarch64-release/search-community/_deps/boost-src

  For compatibility, find_package is ignoring the variable, but code in a
  .cmake module might still use it.
This warning is for project developers.  Use -Wno-dev to suppress it.

# coord/rmr: root: /work/modules/redisearch/src
-- SVS lib directory not found: /work/modules/redisearch/src/bin/linux-aarch64-release/search-community/_deps/svs-src/lib
-- Static libraries for libredisearch_all.a: $<TARGET_FILE:redisearch_c>;$<TARGET_FILE:redisearch-geometry>;$<TARGET_FILE:redisearch-hash>;$<TARGET_FILE:VectorSimilarity>;$<TARGET_FILE:VectorSimilaritySpaces>;$<TARGET_FILE:VectorSimilaritySpaces_no_optimization>;$<TARGET_FILE:cpu_features>;$<TARGET_FILE:fmt>;$<TARGET_FILE:spdlog>;$<TARGET_FILE:redisearch-coord>;$<TARGET_FILE:uv_a>;$<TARGET_FILE:hiredis>;$<TARGET_FILE:hiredis_ssl>
-- Rust configuration:
--   Cargo: /root/.cargo/bin/cargo
--   Toolchain: 
--   Profile: optimised_test
--   Cargo Build Flags: 
--   RUSTFLAGS: 
--   Target Dir: /work/modules/redisearch/src/bin/redisearch_rs
--   Library Path: /work/modules/redisearch/src/bin/redisearch_rs/optimised_test/libredisearch_rs.a
-- Building RediSearch as SHARED library
-- Populating googlebench
-- Configuring done (0.0s)
-- Generating done (0.0s)
-- Build files have been written to: /work/modules/redisearch/src/bin/linux-aarch64-release/search-community/_deps/googlebench-subbuild
[ 11%] Creating directories for 'googlebench-populate'
[ 22%] Performing download step (git clone) for 'googlebench-populate'
Cloning into 'googlebench-src'...
HEAD is now at c58e6d0 v1.9.1 bump
[ 33%] Performing update step for 'googlebench-populate'
[ 44%] No patch step for 'googlebench-populate'
[ 55%] No configure step for 'googlebench-populate'
[ 66%] No build step for 'googlebench-populate'
[ 77%] No install step for 'googlebench-populate'
[ 88%] No test step for 'googlebench-populate'
[100%] Completed 'googlebench-populate'
[100%] Built target googlebench-populate
-- Found Git: /usr/bin/git (found version "2.43.0") 
-- Google Benchmark version: v1.9.1, normalized to 1.9.1
-- Looking for shm_open in rt
-- Looking for shm_open in rt - found
-- Performing Test HAVE_CXX_FLAG_WALL
-- Performing Test HAVE_CXX_FLAG_WALL - Success
-- Performing Test HAVE_CXX_FLAG_WEXTRA
-- Performing Test HAVE_CXX_FLAG_WEXTRA - Success
-- Performing Test HAVE_CXX_FLAG_WSHADOW
-- Performing Test HAVE_CXX_FLAG_WSHADOW - Success
-- Performing Test HAVE_CXX_FLAG_WFLOAT_EQUAL
-- Performing Test HAVE_CXX_FLAG_WFLOAT_EQUAL - Success
-- Performing Test HAVE_CXX_FLAG_WOLD_STYLE_CAST
-- Performing Test HAVE_CXX_FLAG_WOLD_STYLE_CAST - Success
-- Performing Test HAVE_CXX_FLAG_WCONVERSION
-- Performing Test HAVE_CXX_FLAG_WCONVERSION - Success
-- Performing Test HAVE_CXX_FLAG_WERROR
-- Performing Test HAVE_CXX_FLAG_WERROR - Success
-- Performing Test HAVE_CXX_FLAG_WSUGGEST_OVERRIDE
-- Performing Test HAVE_CXX_FLAG_WSUGGEST_OVERRIDE - Success
-- Performing Test HAVE_CXX_FLAG_PEDANTIC
-- Performing Test HAVE_CXX_FLAG_PEDANTIC - Success
-- Performing Test HAVE_CXX_FLAG_PEDANTIC_ERRORS
-- Performing Test HAVE_CXX_FLAG_PEDANTIC_ERRORS - Success
-- Performing Test HAVE_CXX_FLAG_WSHORTEN_64_TO_32
-- Performing Test HAVE_CXX_FLAG_WSHORTEN_64_TO_32 - Failed
-- Performing Test HAVE_CXX_FLAG_FSTRICT_ALIASING
-- Performing Test HAVE_CXX_FLAG_FSTRICT_ALIASING - Success
-- Performing Test HAVE_CXX_FLAG_WNO_DEPRECATED_DECLARATIONS
-- Performing Test HAVE_CXX_FLAG_WNO_DEPRECATED_DECLARATIONS - Success
-- Performing Test HAVE_CXX_FLAG_WNO_DEPRECATED
-- Performing Test HAVE_CXX_FLAG_WNO_DEPRECATED - Success
-- Performing Test HAVE_CXX_FLAG_WSTRICT_ALIASING
-- Performing Test HAVE_CXX_FLAG_WSTRICT_ALIASING - Success
-- Performing Test HAVE_CXX_FLAG_WD654
-- Performing Test HAVE_CXX_FLAG_WD654 - Failed
-- Performing Test HAVE_CXX_FLAG_WTHREAD_SAFETY
-- Performing Test HAVE_CXX_FLAG_WTHREAD_SAFETY - Failed
-- Performing Test HAVE_CXX_FLAG_COVERAGE
-- Performing Test HAVE_CXX_FLAG_COVERAGE - Success
-- Compiling and running to test HAVE_STD_REGEX
-- Performing Test HAVE_STD_REGEX -- success
-- Compiling and running to test HAVE_GNU_POSIX_REGEX
-- Performing Test HAVE_GNU_POSIX_REGEX -- failed to compile
-- Compiling and running to test HAVE_POSIX_REGEX
-- Performing Test HAVE_POSIX_REGEX -- success
-- Compiling and running to test HAVE_STEADY_CLOCK
-- Performing Test HAVE_STEADY_CLOCK -- success
-- Compiling and running to test HAVE_PTHREAD_AFFINITY
-- Performing Test HAVE_PTHREAD_AFFINITY -- success
-- Configuring done (6.3s)
-- Generating done (0.4s)
-- Build files have been written to: /work/modules/redisearch/src/bin/linux-aarch64-release/search-community
Building RediSearch with 4 parallel jobs...
[  1%] Building Rust workspace with profile optimised_test
[  1%] Building C object hiredis/CMakeFiles/hiredis_ssl.dir/ssl.c.o
[  1%] Building C object hiredis/CMakeFiles/hiredis.dir/alloc.c.o
[  1%] Building C object src/CMakeFiles/snowball_compiler.dir/__/deps/snowball/compiler/analyser.c.o
[  1%] Building C object hiredis/CMakeFiles/hiredis.dir/async.c.o
[  2%] Linking C static library libhiredis_ssl.a
[  2%] Built target hiredis_ssl
[  2%] Building C object hiredis/CMakeFiles/hiredis.dir/hiredis.c.o
/work/modules/redisearch/src/deps/hiredis/hiredis.c: In function '__redisSetError':
/work/modules/redisearch/src/deps/hiredis/hiredis.c:703:9: warning: ignoring return value of 'strerror_r' declared with attribute 'warn_unused_result' [-Wunused-result]
  703 |         strerror_r(errno, c->errstr, sizeof(c->errstr));
      |         ^~~~~~~~~~~~~~~~~~~~~~~~~~~~~~~~~~~~~~~~~~~~~~~
[  2%] Built target cheadergen_generate
[  3%] Building C object hiredis/CMakeFiles/hiredis.dir/net.c.o
/work/modules/redisearch/src/deps/hiredis/net.c: In function '__redisSetErrorFromErrno':
/work/modules/redisearch/src/deps/hiredis/net.c:109:5: warning: ignoring return value of 'strerror_r' declared with attribute 'warn_unused_result' [-Wunused-result]
  109 |     strerror_r(errorno, (char *)(buf + len), sizeof(buf) - len);
      |     ^~~~~~~~~~~~~~~~~~~~~~~~~~~~~~~~~~~~~~~~~~~~~~~~~~~~~~~~~~~
[  4%] Building C object src/CMakeFiles/snowball_compiler.dir/__/deps/snowball/compiler/driver.c.o
   Compiling proc-macro2 v1.0.106
   Compiling quote v1.0.46
   Compiling unicode-ident v1.0.24
   Compiling libc v0.2.186
[  4%] Building C object hiredis/CMakeFiles/hiredis.dir/read.c.o
[  4%] Built target generate_command_info
   Compiling serde_core v1.0.228
[  4%] Building C object src/CMakeFiles/snowball_compiler.dir/__/deps/snowball/compiler/generator.c.o
[  4%] Building C object src/libuv/CMakeFiles/uv_a.dir/src/fs-poll.c.o
[  4%] Building C object hiredis/CMakeFiles/hiredis.dir/sds.c.o
   Compiling memchr v2.8.2
   Compiling cfg-if v1.0.4
   Compiling glob v0.3.3
[  4%] Building C object hiredis/CMakeFiles/hiredis.dir/sockcompat.c.o
[  4%] Building C object src/libuv/CMakeFiles/uv_a.dir/src/idna.c.o
   Compiling syn v1.0.109
[  4%] Linking C static library libhiredis.a
[  4%] Built target hiredis
[  4%] Building C object src/rmutil/CMakeFiles/rmutil.dir/alloc.c.o
   Compiling clang-sys v1.8.1
[  5%] Building C object src/rmutil/CMakeFiles/rmutil.dir/args.c.o
[  5%] Building C object src/rmutil/CMakeFiles/rmutil.dir/cmdparse.c.o
[  5%] Building C object src/libuv/CMakeFiles/uv_a.dir/src/inet.c.o
[  5%] Building C object src/CMakeFiles/snowball_compiler.dir/__/deps/snowball/compiler/generator_ada.c.o
   Compiling syn v2.0.118
   Compiling autocfg v1.5.1
   Compiling prettyplease v0.2.37
   Compiling serde v1.0.228
   Compiling num-traits v0.2.19
[  5%] Building C object src/libuv/CMakeFiles/uv_a.dir/src/random.c.o
   Compiling aho-corasick v1.1.4
   Compiling bitflags v2.13.0
[  5%] Building C object src/rmutil/CMakeFiles/rmutil.dir/heap.c.o
   Compiling bindgen v0.72.1
[  5%] Building C object src/libuv/CMakeFiles/uv_a.dir/src/strscpy.c.o
[  5%] Building C object src/rmutil/CMakeFiles/rmutil.dir/priority_queue.c.o
[  5%] Building C object src/CMakeFiles/snowball_compiler.dir/__/deps/snowball/compiler/generator_csharp.c.o
   Compiling regex-syntax v0.8.11
[  5%] Building C object src/rmutil/CMakeFiles/rmutil.dir/strings.c.o
[  6%] Building C object src/libuv/CMakeFiles/uv_a.dir/src/strtok.c.o
[  6%] Building C object src/libuv/CMakeFiles/uv_a.dir/src/thread-common.c.o
[  6%] Building C object src/rmutil/CMakeFiles/rmutil.dir/util.c.o
[  7%] Building C object src/rmutil/CMakeFiles/rmutil.dir/vector.c.o
[  7%] Building C object src/libuv/CMakeFiles/uv_a.dir/src/threadpool.c.o
[  7%] Built target rmutil
[  7%] Building C object src/CMakeFiles/snowball_compiler.dir/__/deps/snowball/compiler/generator_go.c.o
[  7%] Building C object src/CMakeFiles/snowball_compiler.dir/__/deps/snowball/compiler/generator_java.c.o
[  7%] Building C object src/libuv/CMakeFiles/uv_a.dir/src/timer.c.o
[  7%] Building C object src/libuv/CMakeFiles/uv_a.dir/src/uv-common.c.o
[  7%] Building C object src/libuv/CMakeFiles/uv_a.dir/src/uv-data-getter-setters.c.o
[  8%] Building C object src/libuv/CMakeFiles/uv_a.dir/src/version.c.o
[  9%] Building C object src/CMakeFiles/snowball_compiler.dir/__/deps/snowball/compiler/generator_js.c.o
[  9%] Building C object src/libuv/CMakeFiles/uv_a.dir/src/unix/async.c.o
[  9%] Building C object src/coord/CMakeFiles/coordinator-core.dir/cluster_spell_check.c.o
[  9%] Building C object src/libuv/CMakeFiles/uv_a.dir/src/unix/core.c.o
   Compiling regex-automata v0.4.14
[  9%] Building C object src/CMakeFiles/snowball_compiler.dir/__/deps/snowball/compiler/generator_pascal.c.o
   Compiling getrandom v0.4.3
[  9%] Building C object src/coord/CMakeFiles/coordinator-core.dir/config.c.o
   Compiling rustversion v1.0.22
[  9%] Building C object src/libuv/CMakeFiles/uv_a.dir/src/unix/dl.c.o
[ 10%] Building C object src/coord/CMakeFiles/coordinator-core.dir/coord_request_ctx.c.o
   Compiling object v0.37.3
[ 10%] Building C object src/libuv/CMakeFiles/uv_a.dir/src/unix/fs.c.o
[ 10%] Building C object src/CMakeFiles/snowball_compiler.dir/__/deps/snowball/compiler/generator_python.c.o
   Compiling serde_derive v1.0.228
   Compiling minimal-lexical v0.2.1
[ 10%] Building C object src/coord/CMakeFiles/coordinator-core.dir/debug_commands.c.o
   Compiling rustix v1.1.4
   Compiling nom v7.1.3
[ 10%] Building C object src/CMakeFiles/snowball_compiler.dir/__/deps/snowball/compiler/generator_rust.c.o
[ 10%] Building C object src/libuv/CMakeFiles/uv_a.dir/src/unix/getaddrinfo.c.o
[ 10%] Building C object src/coord/CMakeFiles/coordinator-core.dir/dist_aggregate.c.o
   Compiling libloading v0.8.9
[ 11%] Building C object src/libuv/CMakeFiles/uv_a.dir/src/unix/getnameinfo.c.o
   Compiling either v1.16.0
   Compiling regex v1.12.4
[ 11%] Building CXX object src/coord/CMakeFiles/coordinator-core.dir/dist_plan.cpp.o
[ 11%] Building C object src/CMakeFiles/snowball_compiler.dir/__/deps/snowball/compiler/space.c.o
[ 11%] Building C object src/libuv/CMakeFiles/uv_a.dir/src/unix/loop-watcher.c.o
[ 11%] Building C object src/CMakeFiles/snowball_compiler.dir/__/deps/snowball/compiler/tokeniser.c.o
   Compiling itertools v0.13.0
[ 11%] Building C object src/libuv/CMakeFiles/uv_a.dir/src/unix/loop.c.o
[ 12%] Linking C executable snowball/bin/snowball_compiler
[ 12%] Building C object src/libuv/CMakeFiles/uv_a.dir/src/unix/pipe.c.o
[ 12%] Built target snowball_compiler
   Compiling cexpr v0.6.0
[ 12%] Building C object src/friso/CMakeFiles/friso.dir/friso.c.o
[ 12%] Building C object src/libuv/CMakeFiles/uv_a.dir/src/unix/poll.c.o
[ 12%] Building C object src/libuv/CMakeFiles/uv_a.dir/src/unix/process.c.o
[ 12%] Building C object src/friso/CMakeFiles/friso.dir/friso_array.c.o
[ 13%] Building C object src/libuv/CMakeFiles/uv_a.dir/src/unix/random-devurandom.c.o
[ 13%] Building C object src/coord/CMakeFiles/coordinator-core.dir/dist_profile.c.o
[ 13%] Building C object src/friso/CMakeFiles/friso.dir/friso_hash.c.o
[ 13%] Building C object src/libuv/CMakeFiles/uv_a.dir/src/unix/signal.c.o
[ 13%] Building C object src/friso/CMakeFiles/friso.dir/friso_lexicon.c.o
[ 13%] Building C object src/coord/CMakeFiles/coordinator-core.dir/dist_utils.c.o
   Compiling linkme-impl v0.3.36
   Compiling shlex v2.0.1
   Compiling linkme v0.3.36
[ 13%] Building C object src/friso/CMakeFiles/friso.dir/friso_link.c.o
[ 14%] Building C object src/coord/CMakeFiles/coordinator-core.dir/hybrid/dist_hybrid.c.o
   Compiling log v0.4.33
[ 14%] Building C object src/libuv/CMakeFiles/uv_a.dir/src/unix/stream.c.o
[ 15%] Building C object src/friso/CMakeFiles/friso.dir/friso_string.c.o
   Compiling zerocopy v0.8.52
   Compiling shlex v1.3.0
   Compiling zmij v1.0.21
   Compiling find-msvc-tools v0.1.9
[ 15%] Building C object src/friso/CMakeFiles/friso.dir/friso_ctype.c.o
   Compiling rustc-hash v2.1.2
[ 15%] Building C object src/friso/CMakeFiles/friso.dir/friso_UTF8.c.o
   Compiling cc v1.2.65
[ 15%] Building C object src/libuv/CMakeFiles/uv_a.dir/src/unix/tcp.c.o
   Compiling unicode-xid v0.0.4
   Compiling synom v0.11.3
[ 15%] Building C object src/friso/CMakeFiles/friso.dir/friso_GBK.c.o
[ 15%] Building CXX object src/coord/CMakeFiles/coordinator-core.dir/hybrid/dist_hybrid_plan.cpp.o
[ 15%] Building C object src/libuv/CMakeFiles/uv_a.dir/src/unix/thread.c.o
[ 15%] Built target friso
[ 15%] Building C object src/phonetics/CMakeFiles/metaphone.dir/double_metaphone.c.o
[ 15%] Building C object src/libuv/CMakeFiles/uv_a.dir/src/unix/tty.c.o
   Compiling zerocopy-derive v0.8.52
[ 15%] Building C object src/coord/CMakeFiles/coordinator-core.dir/hybrid/hybrid_cursor_mappings.c.o
[ 15%] Built target metaphone
[ 15%] Building CXX object src/fast_float/CMakeFiles/fast_float_strtod.dir/fast_float_strtod.cpp.o
   Compiling serde_json v1.0.150
[ 16%] Building C object src/libuv/CMakeFiles/uv_a.dir/src/unix/udp.c.o
   Compiling quote v0.3.15
   Compiling num-traits v0.1.43
[ 16%] Building C object src/coord/CMakeFiles/coordinator-core.dir/info_command.c.o
   Compiling syn v0.11.11
   Compiling linux-raw-sys v0.12.1
[ 16%] Building C object src/libuv/CMakeFiles/uv_a.dir/src/unix/proctitle.c.o
   Compiling lazy_static v1.5.0
   Compiling once_cell v1.21.4
[ 16%] Building C object src/coord/CMakeFiles/coordinator-core.dir/rmr/chan.c.o
[ 16%] Building C object src/libuv/CMakeFiles/uv_a.dir/src/unix/linux.c.o
   Compiling simd-adler32 v0.3.9
   Compiling gimli v0.32.3
   Compiling rand_core v0.10.1
[ 16%] Building C object src/coord/CMakeFiles/coordinator-core.dir/rmr/cluster.c.o
   Compiling adler2 v2.0.1
   Compiling heck v0.4.1
   Compiling miniz_oxide v0.8.9
   Compiling strum_macros v0.24.3
[ 16%] Built target fast_float_strtod
[ 16%] Building CXX object _deps/fmt-build/CMakeFiles/fmt.dir/src/format.cc.o
[ 17%] Building C object src/coord/CMakeFiles/coordinator-core.dir/rmr/cluster_topology.c.o
[ 17%] Building C object src/libuv/CMakeFiles/uv_a.dir/src/unix/procfs-exepath.c.o
[ 17%] Building C object src/coord/CMakeFiles/coordinator-core.dir/rmr/command.c.o
   Compiling enum-primitive-derive v0.1.2
[ 17%] Building C object src/libuv/CMakeFiles/uv_a.dir/src/unix/random-getrandom.c.o
[ 17%] Building C object src/libuv/CMakeFiles/uv_a.dir/src/unix/random-sysctl-linux.c.o
[ 17%] Building C object src/coord/CMakeFiles/coordinator-core.dir/rmr/conn.c.o
   Compiling addr2line v0.25.1
[ 18%] Linking C static library libuv.a
   Compiling redis-module-macros-internals v2.0.8 (https://github.com/RedisLabsModules/redismodule-rs.git?rev=7fb620f1ef42453dea4e22c9358d0d25d4224710#7fb620f1)
[ 18%] Built target uv_a
[ 18%] Building C object _deps/cpu_features-build/CMakeFiles/unix_based_hardware_detection.dir/src/hwcaps_linux_or_android.c.o
[ 18%] Building C object _deps/cpu_features-build/CMakeFiles/unix_based_hardware_detection.dir/src/hwcaps_freebsd_or_openbsd.c.o
[ 18%] Building C object _deps/cpu_features-build/CMakeFiles/unix_based_hardware_detection.dir/src/hwcaps.c.o
[ 18%] Built target unix_based_hardware_detection
[ 18%] Building C object src/coord/CMakeFiles/coordinator-core.dir/rmr/endpoint.c.o
[ 18%] Building CXX object _deps/fmt-build/CMakeFiles/fmt.dir/src/os.cc.o
[ 18%] Building C object src/coord/CMakeFiles/coordinator-core.dir/rmr/io_runtime_ctx.c.o
   Compiling redis-module v2.0.8 (https://github.com/RedisLabsModules/redismodule-rs.git?rev=7fb620f1ef42453dea4e22c9358d0d25d4224710#7fb620f1)
   Compiling vte v0.14.1
[ 18%] Building C object src/coord/CMakeFiles/coordinator-core.dir/rmr/node.c.o
[ 19%] Building C object src/coord/CMakeFiles/coordinator-core.dir/rmr/redis_cluster.c.o
   Compiling bitflags v1.3.2
   Compiling rustc-demangle v0.1.27
   Compiling fastrand v2.4.1
[ 19%] Building C object src/coord/CMakeFiles/coordinator-core.dir/rmr/redise.c.o
   Compiling nix v0.26.4
   Compiling tempfile v3.27.0
[ 19%] Building C object src/coord/CMakeFiles/coordinator-core.dir/rmr/reply.c.o
   Compiling strip-ansi-escapes v0.2.1
[ 19%] Building C object _deps/cpu_features-build/CMakeFiles/utils.dir/src/filesystem.c.o
[ 19%] Building C object _deps/cpu_features-build/CMakeFiles/utils.dir/src/stack_line_reader.c.o
[ 19%] Building C object src/coord/CMakeFiles/coordinator-core.dir/rmr/rmr.c.o
[ 20%] Building C object _deps/cpu_features-build/CMakeFiles/utils.dir/src/string_view.c.o
   Compiling redis-module-common v0.1.1 (https://github.com/RedisLabsModules/redismodule-rs.git?rev=7fb620f1ef42453dea4e22c9358d0d25d4224710#7fb620f1)
[ 20%] Built target utils
[ 20%] Building CXX object src/VectorSimilarity/src/VecSim/spaces/CMakeFiles/VectorSimilaritySpaces_no_optimization.dir/L2/L2.cpp.o
   Compiling getrandom v0.2.17
   Compiling console v0.16.3
[ 20%] Building C object src/coord/CMakeFiles/coordinator-core.dir/rmr/rq.c.o
   Compiling itoa v1.0.18
[ 20%] Building C object src/coord/CMakeFiles/coordinator-core.dir/rpnet.c.o
   Compiling similar v2.7.0
[ 21%] Building CXX object src/VectorSimilarity/src/VecSim/spaces/CMakeFiles/VectorSimilaritySpaces_no_optimization.dir/IP/IP.cpp.o
[ 22%] Building C object src/coord/CMakeFiles/coordinator-core.dir/score_explain_mr.c.o
   Compiling backtrace v0.3.76
[ 22%] Linking CXX static library libVectorSimilaritySpaces_no_optimization.a
[ 22%] Built target coordinator-core
[ 22%] Built target VectorSimilaritySpaces_no_optimization
   Compiling insta v1.48.0
[ 22%] Building C object src/buffer/CMakeFiles/buffer.dir/buffer.c.o
[ 22%] Building CXX object src/geometry/CMakeFiles/redisearch-geometry.dir/geometry_api.cpp.o
[ 22%] Linking C static library libbuffer.a
[ 23%] Linking CXX static library libfmt.a
[ 23%] Built target buffer
   Compiling ppv-lite86 v0.2.21
[ 23%] Building C object src/iterators/CMakeFiles/iterators.dir/hybrid_reader.c.o
[ 23%] Built target fmt
   Compiling rand_core v0.6.4
[ 23%] Building C object src/index_result/CMakeFiles/index_result.dir/index_result.c.o
   Compiling tracing-core v0.1.36
   Compiling semver v1.0.28
[ 23%] Linking C static library libindex_result.a
[ 23%] Built target index_result
[ 24%] Building C object src/util/mempool/CMakeFiles/mempool.dir/mempool.c.o
[ 24%] Building C object src/iterators/CMakeFiles/iterators.dir/optimizer_reader.c.o
   Compiling stable_deref_trait v1.2.1
[ 24%] Linking C static library libmempool.a
[ 24%] Built target mempool
[ 24%] Building C object src/util/dict/CMakeFiles/dict.dir/dict.c.o
[ 24%] Linking C static library libiterators.a
[ 24%] Built target iterators
[ 24%] Building CXX object src/util/hash/CMakeFiles/redisearch-hash.dir/hash.cpp.o
[ 25%] Linking C static library libdict.a
[ 25%] Built target dict
[ 26%] Building CXX object src/geometry/CMakeFiles/redisearch-geometry.dir/rtree.cpp.o
   Compiling workspace_hack v0.1.0 (/work/modules/redisearch/src/src/redisearch_rs/workspace_hack)
[ 26%] Linking CXX static library libredisearch-hash.a
[ 26%] Built target redisearch-hash
[ 26%] Building CXX object tests/cpptests/redismock/CMakeFiles/redismock.dir/redismock.cpp.o
[ 26%] Building CXX object deps/googletest/googletest/CMakeFiles/gtest.dir/src/gtest-all.cc.o
[ 26%] Building CXX object tests/cpptests/redismock/CMakeFiles/redismock.dir/util.cpp.o
[ 26%] Linking CXX static library libredismock.a
[ 26%] Built target redismock
[ 26%] Building C object example_extension/CMakeFiles/example_extension.dir/example.c.o
[ 26%] Linking C shared library libexample_extension.so
[ 26%] Built target example_extension
[ 26%] Building CXX object _deps/googlebench-build/src/CMakeFiles/benchmark.dir/benchmark.cc.o
   Compiling build_utils v0.0.1 (/work/modules/redisearch/src/src/redisearch_rs/build_utils)
[ 26%] Building CXX object _deps/googlebench-build/src/CMakeFiles/benchmark.dir/benchmark_api_internal.cc.o
[ 26%] Building CXX object _deps/googlebench-build/src/CMakeFiles/benchmark.dir/benchmark_name.cc.o
[ 26%] Building CXX object _deps/googlebench-build/src/CMakeFiles/benchmark.dir/benchmark_register.cc.o
[ 27%] Linking CXX static library ../../../lib/libgtest.a
[ 27%] Built target gtest
[ 27%] Generating snowball stemmer: stem_UTF_8_yiddish
[ 28%] Generating snowball stemmer: stem_UTF_8_arabic
[ 28%] Generating snowball stemmer: stem_UTF_8_armenian
[ 28%] Generating snowball stemmer: stem_UTF_8_basque
[ 28%] Generating snowball stemmer: stem_UTF_8_catalan
[ 28%] Generating snowball stemmer: stem_UTF_8_danish
[ 28%] Generating snowball stemmer: stem_UTF_8_dutch
[ 29%] Generating snowball stemmer: stem_UTF_8_english
[ 29%] Generating snowball stemmer: stem_UTF_8_finnish
[ 29%] Generating snowball stemmer: stem_UTF_8_french
[ 29%] Generating snowball stemmer: stem_UTF_8_german
[ 29%] Generating snowball stemmer: stem_UTF_8_greek
[ 29%] Generating snowball stemmer: stem_UTF_8_hindi
[ 30%] Generating snowball stemmer: stem_UTF_8_hungarian
[ 30%] Generating snowball stemmer: stem_UTF_8_indonesian
[ 30%] Generating snowball stemmer: stem_UTF_8_irish
[ 30%] Generating snowball stemmer: stem_UTF_8_italian
[ 30%] Generating custom stemmer: stem_UTF_8_korean
[ 30%] Generating snowball stemmer: stem_UTF_8_lithuanian
[ 30%] Generating snowball stemmer: stem_UTF_8_nepali
[ 31%] Generating snowball stemmer: stem_UTF_8_norwegian
[ 31%] Generating snowball stemmer: stem_UTF_8_porter
[ 31%] Generating snowball stemmer: stem_UTF_8_portuguese
[ 31%] Generating snowball stemmer: stem_UTF_8_romanian
[ 31%] Generating snowball stemmer: stem_UTF_8_russian
[ 31%] Generating snowball stemmer: stem_UTF_8_serbian
[ 31%] Generating snowball stemmer: stem_UTF_8_spanish
[ 31%] Generating snowball stemmer: stem_UTF_8_swedish
[ 31%] Generating custom stemmer: stem_UTF_8_tagalog
[ 32%] Generating snowball stemmer: stem_UTF_8_tamil
[ 32%] Generating snowball stemmer: stem_UTF_8_turkish
[ 32%] Building C object src/CMakeFiles/snowball.dir/snowball/runtime/api.c.o
[ 32%] Building C object src/CMakeFiles/snowball.dir/snowball/runtime/utilities.c.o
[ 32%] Building C object src/CMakeFiles/snowball.dir/snowball/libstemmer/libstemmer.c.o
[ 32%] Building C object src/CMakeFiles/snowball.dir/snowball/src_c/stem_UTF_8_arabic.c.o
[ 32%] Building C object src/CMakeFiles/snowball.dir/snowball/src_c/stem_UTF_8_armenian.c.o
[ 33%] Building C object src/CMakeFiles/snowball.dir/snowball/src_c/stem_UTF_8_basque.c.o
[ 33%] Building C object src/CMakeFiles/snowball.dir/snowball/src_c/stem_UTF_8_catalan.c.o
[ 33%] Building C object src/CMakeFiles/snowball.dir/snowball/src_c/stem_UTF_8_danish.c.o
[ 33%] Building C object src/CMakeFiles/snowball.dir/snowball/src_c/stem_UTF_8_dutch.c.o
[ 33%] Building C object src/CMakeFiles/snowball.dir/snowball/src_c/stem_UTF_8_english.c.o
[ 33%] Building C object src/CMakeFiles/snowball.dir/snowball/src_c/stem_UTF_8_finnish.c.o
[ 34%] Building C object src/CMakeFiles/snowball.dir/snowball/src_c/stem_UTF_8_french.c.o
[ 34%] Building C object src/CMakeFiles/snowball.dir/snowball/src_c/stem_UTF_8_german.c.o
[ 34%] Building C object src/CMakeFiles/snowball.dir/snowball/src_c/stem_UTF_8_greek.c.o
[ 34%] Building C object src/CMakeFiles/snowball.dir/snowball/src_c/stem_UTF_8_hindi.c.o
[ 34%] Building C object src/CMakeFiles/snowball.dir/snowball/src_c/stem_UTF_8_hungarian.c.o
[ 34%] Building C object src/CMakeFiles/snowball.dir/snowball/src_c/stem_UTF_8_indonesian.c.o
[ 35%] Building C object src/CMakeFiles/snowball.dir/snowball/src_c/stem_UTF_8_irish.c.o
[ 35%] Building C object src/CMakeFiles/snowball.dir/snowball/src_c/stem_UTF_8_italian.c.o
[ 35%] Building C object src/CMakeFiles/snowball.dir/snowball/src_c/stem_UTF_8_lithuanian.c.o
[ 35%] Building C object src/CMakeFiles/snowball.dir/snowball/src_c/stem_UTF_8_nepali.c.o
[ 35%] Building C object src/CMakeFiles/snowball.dir/snowball/src_c/stem_UTF_8_norwegian.c.o
[ 35%] Building C object src/CMakeFiles/snowball.dir/snowball/src_c/stem_UTF_8_portuguese.c.o
[ 36%] Building C object src/CMakeFiles/snowball.dir/snowball/src_c/stem_UTF_8_romanian.c.o
[ 36%] Building C object src/CMakeFiles/snowball.dir/snowball/src_c/stem_UTF_8_russian.c.o
[ 37%] Building CXX object _deps/googlebench-build/src/CMakeFiles/benchmark.dir/benchmark_runner.cc.o
[ 37%] Building C object src/CMakeFiles/snowball.dir/snowball/src_c/stem_UTF_8_serbian.c.o
[ 37%] Building C object src/CMakeFiles/snowball.dir/snowball/src_c/stem_UTF_8_spanish.c.o
[ 37%] Building C object src/CMakeFiles/snowball.dir/snowball/src_c/stem_UTF_8_swedish.c.o
[ 37%] Building C object src/CMakeFiles/snowball.dir/snowball/src_c/stem_UTF_8_tamil.c.o
[ 38%] Building C object src/CMakeFiles/snowball.dir/snowball/src_c/stem_UTF_8_turkish.c.o
[ 38%] Building C object src/CMakeFiles/snowball.dir/snowball/src_c/stem_UTF_8_yiddish.c.o
[ 38%] Building C object src/CMakeFiles/snowball.dir/snowball/src_c/stem_UTF_8_porter.c.o
[ 38%] Building C object src/CMakeFiles/snowball.dir/snowball/src_c/stem_UTF_8_tagalog.c.o
[ 38%] Building C object src/CMakeFiles/snowball.dir/snowball/src_c/stem_UTF_8_korean.c.o
[ 39%] Built target snowball
[ 39%] Building C object src/CMakeFiles/rscore.dir/__/deps/cndict/cndict_data.c.o
[ 39%] Building C object src/CMakeFiles/rscore.dir/__/deps/libnu/cesu8.c.o
[ 39%] Building C object src/CMakeFiles/rscore.dir/__/deps/libnu/ducet.c.o
[ 39%] Building C object src/CMakeFiles/rscore.dir/__/deps/libnu/extra.c.o
[ 39%] Building C object src/CMakeFiles/rscore.dir/__/deps/libnu/strcoll.c.o
[ 39%] Building CXX object _deps/googlebench-build/src/CMakeFiles/benchmark.dir/check.cc.o
[ 40%] Building C object src/CMakeFiles/rscore.dir/__/deps/libnu/strings.c.o
[ 40%] Building CXX object _deps/googlebench-build/src/CMakeFiles/benchmark.dir/colorprint.cc.o
[ 40%] Building C object src/CMakeFiles/rscore.dir/__/deps/libnu/tofold.c.o
[ 40%] Building C object src/CMakeFiles/rscore.dir/__/deps/libnu/tolower.c.o
[ 40%] Building C object src/CMakeFiles/rscore.dir/__/deps/libnu/tounaccent.c.o
[ 40%] Building C object src/CMakeFiles/rscore.dir/__/deps/libnu/toupper.c.o
[ 40%] Building C object src/CMakeFiles/rscore.dir/__/deps/libnu/utf16.c.o
[ 41%] Building C object src/CMakeFiles/rscore.dir/__/deps/libnu/utf16be.c.o
[ 41%] Building CXX object _deps/googlebench-build/src/CMakeFiles/benchmark.dir/commandlineflags.cc.o
[ 41%] Building C object src/CMakeFiles/rscore.dir/__/deps/libnu/utf16he.c.o
[ 41%] Building C object src/CMakeFiles/rscore.dir/__/deps/libnu/utf16le.c.o
[ 41%] Building C object src/CMakeFiles/rscore.dir/__/deps/libnu/utf32.c.o
[ 41%] Building C object src/CMakeFiles/rscore.dir/__/deps/libnu/utf32be.c.o
[ 41%] Building C object src/CMakeFiles/rscore.dir/__/deps/libnu/utf32he.c.o
[ 42%] Building C object src/CMakeFiles/rscore.dir/__/deps/libnu/utf32le.c.o
[ 42%] Building C object src/CMakeFiles/rscore.dir/__/deps/libnu/utf8.c.o
[ 42%] Building C object src/CMakeFiles/rscore.dir/__/deps/libnu/validate.c.o
[ 42%] Building C object src/CMakeFiles/rscore.dir/__/deps/libnu/version.c.o
[ 42%] Building C object src/CMakeFiles/rscore.dir/__/deps/miniz/miniz.c.o
[ 42%] Building CXX object _deps/googlebench-build/src/CMakeFiles/benchmark.dir/complexity.cc.o
[ 42%] Building CXX object _deps/googlebench-build/src/CMakeFiles/benchmark.dir/console_reporter.cc.o
[ 42%] Building C object src/CMakeFiles/rscore.dir/__/deps/thpool/barrier.c.o
[ 43%] Building C object src/CMakeFiles/rscore.dir/__/deps/thpool/thpool.c.o
[ 44%] Building CXX object _deps/googlebench-build/src/CMakeFiles/benchmark.dir/counter.cc.o
[ 44%] Building C object src/CMakeFiles/rscore.dir/aggregate/aggregate_debug.c.o
[ 44%] Building C object src/CMakeFiles/rscore.dir/aggregate/aggregate_exec.c.o
[ 44%] Building CXX object _deps/googlebench-build/src/CMakeFiles/benchmark.dir/csv_reporter.cc.o
[ 44%] Building C object src/CMakeFiles/rscore.dir/aggregate/aggregate_exec_common.c.o
[ 44%] Building C object src/CMakeFiles/rscore.dir/aggregate/aggregate_plan.c.o
[ 44%] Building CXX object _deps/googlebench-build/src/CMakeFiles/benchmark.dir/json_reporter.cc.o
[ 44%] Building C object src/CMakeFiles/rscore.dir/aggregate/aggregate_request.c.o
[ 45%] Building C object src/CMakeFiles/rscore.dir/aggregate/expr/exprast.c.o
[ 45%] Linking CXX static library libredisearch-geometry.a
[ 45%] Building CXX object _deps/googlebench-build/src/CMakeFiles/benchmark.dir/perf_counters.cc.o
[ 45%] Building C object src/CMakeFiles/rscore.dir/aggregate/expr/expression.c.o
[ 45%] Built target redisearch-geometry
[ 45%] Building C object src/CMakeFiles/rscore.dir/aggregate/expr/lexer.c.o
[ 45%] Building CXX object _deps/googlebench-build/src/CMakeFiles/benchmark.dir/reporter.cc.o
[ 45%] Building C object src/CMakeFiles/rscore.dir/aggregate/expr/parser.c.o
[ 45%] Building CXX object _deps/googlebench-build/src/CMakeFiles/benchmark.dir/statistics.cc.o
[ 45%] Building C object src/CMakeFiles/rscore.dir/aggregate/functions/date.c.o
[ 46%] Building CXX object _deps/googlebench-build/src/CMakeFiles/benchmark.dir/string_util.cc.o
[ 46%] Building C object src/CMakeFiles/rscore.dir/aggregate/functions/function.c.o
[ 47%] Building C object src/CMakeFiles/rscore.dir/aggregate/functions/geo.c.o
[ 47%] Building CXX object _deps/googlebench-build/src/CMakeFiles/benchmark.dir/sysinfo.cc.o
[ 47%] Building C object src/CMakeFiles/rscore.dir/aggregate/functions/math.c.o
[ 47%] Building C object src/CMakeFiles/rscore.dir/aggregate/functions/string.c.o
[ 47%] Building CXX object _deps/googlebench-build/src/CMakeFiles/benchmark.dir/timers.cc.o
[ 47%] Building C object src/CMakeFiles/rscore.dir/aggregate/group_by.c.o
[ 47%] Building C object src/CMakeFiles/rscore.dir/aggregate/reducer.c.o
[ 47%] Building C object src/CMakeFiles/rscore.dir/aggregate/reducers/collect.c.o
[ 47%] Linking CXX static library libbenchmark.a
[ 47%] Building C object src/coord/rmr/CMakeFiles/rmr.dir/chan.c.o
[ 47%] Built target benchmark
[ 48%] Building C object src/CMakeFiles/rscore.dir/aggregate/reducers/count.c.o
[ 48%] Building C object src/coord/rmr/CMakeFiles/rmr.dir/cluster.c.o
[ 48%] Building CXX object _deps/spdlog-build/CMakeFiles/spdlog.dir/src/spdlog.cpp.o
[ 48%] Building C object src/CMakeFiles/rscore.dir/aggregate/reducers/count_distinct.c.o
[ 49%] Building C object src/coord/rmr/CMakeFiles/rmr.dir/cluster_topology.c.o
[ 49%] Building C object src/coord/rmr/CMakeFiles/rmr.dir/command.c.o
[ 49%] Building C object src/CMakeFiles/rscore.dir/aggregate/reducers/deviation.c.o
[ 49%] Building C object src/CMakeFiles/rscore.dir/aggregate/reducers/first_value.c.o
[ 49%] Building C object src/coord/rmr/CMakeFiles/rmr.dir/conn.c.o
[ 49%] Building C object src/CMakeFiles/rscore.dir/aggregate/reducers/minmax.c.o
[ 49%] Building C object src/CMakeFiles/rscore.dir/aggregate/reducers/quantile.c.o
[ 49%] Building C object src/coord/rmr/CMakeFiles/rmr.dir/endpoint.c.o
[ 50%] Building C object src/CMakeFiles/rscore.dir/aggregate/reducers/random_sample.c.o
[ 50%] Building C object src/coord/rmr/CMakeFiles/rmr.dir/io_runtime_ctx.c.o
[ 50%] Building C object src/CMakeFiles/rscore.dir/aggregate/reducers/sum.c.o
[ 50%] Building C object src/coord/rmr/CMakeFiles/rmr.dir/node.c.o
[ 51%] Building C object src/coord/rmr/CMakeFiles/rmr.dir/redis_cluster.c.o
   Compiling cheadergen_macros v0.3.1
   Compiling thiserror v2.0.18
[ 51%] Building C object src/CMakeFiles/rscore.dir/aggregate/reducers/to_list.c.o
[ 51%] Building C object src/CMakeFiles/rscore.dir/aggregate/reply_empty.c.o
[ 51%] Building C object src/coord/rmr/CMakeFiles/rmr.dir/redise.c.o
   Compiling thiserror-impl v2.0.18
[ 51%] Building C object src/CMakeFiles/rscore.dir/alias.c.o
[ 51%] Building C object src/coord/rmr/CMakeFiles/rmr.dir/reply.c.o
   Compiling cheadergen v0.3.1
   Compiling heck v0.5.0
[ 51%] Building C object src/coord/rmr/CMakeFiles/rmr.dir/rmr.c.o
[ 51%] Building C object src/CMakeFiles/rscore.dir/byte_offsets.c.o
   Compiling strum_macros v0.27.2
[ 52%] Building C object src/CMakeFiles/rscore.dir/cndict_loader.c.o
[ 52%] Building C object src/CMakeFiles/rscore.dir/command_info/command_info.c.o
[ 52%] Building C object src/coord/rmr/CMakeFiles/rmr.dir/rq.c.o
   Compiling enumflags2_derive v0.7.12
[ 52%] Built target rmr
[ 52%] Building C object _deps/cpu_features-build/CMakeFiles/cpu_features.dir/src/impl_aarch64_cpuid.c.o
[ 52%] Building C object _deps/cpu_features-build/CMakeFiles/cpu_features.dir/src/impl_aarch64_freebsd_or_openbsd.c.o
[ 52%] Building C object _deps/cpu_features-build/CMakeFiles/cpu_features.dir/src/impl_aarch64_linux_or_android.c.o
[ 52%] Building C object _deps/cpu_features-build/CMakeFiles/cpu_features.dir/src/impl_aarch64_macos_or_iphone.c.o
[ 52%] Building C object _deps/cpu_features-build/CMakeFiles/cpu_features.dir/src/impl_aarch64_windows.c.o
[ 53%] Building C object _deps/cpu_features-build/CMakeFiles/cpu_features.dir/src/impl_arm_linux_or_android.c.o
[ 53%] Building C object _deps/cpu_features-build/CMakeFiles/cpu_features.dir/src/impl_loongarch_linux.c.o
[ 53%] Building C object _deps/cpu_features-build/CMakeFiles/cpu_features.dir/src/impl_mips_linux_or_android.c.o
[ 53%] Building C object _deps/cpu_features-build/CMakeFiles/cpu_features.dir/src/impl_ppc_linux.c.o
[ 53%] Building C object _deps/cpu_features-build/CMakeFiles/cpu_features.dir/src/impl_riscv_linux.c.o
[ 53%] Building C object _deps/cpu_features-build/CMakeFiles/cpu_features.dir/src/impl_s390x_linux.c.o
[ 54%] Building C object _deps/cpu_features-build/CMakeFiles/cpu_features.dir/src/impl_x86_freebsd.c.o
[ 54%] Building C object _deps/cpu_features-build/CMakeFiles/cpu_features.dir/src/impl_x86_linux_or_android.c.o
[ 54%] Building C object _deps/cpu_features-build/CMakeFiles/cpu_features.dir/src/impl_x86_macos.c.o
[ 54%] Building C object _deps/cpu_features-build/CMakeFiles/cpu_features.dir/src/impl_x86_windows.c.o
[ 54%] Linking C static library libcpu_features.a
[ 54%] Built target cpu_features
[ 54%] Building CXX object _deps/spdlog-build/CMakeFiles/spdlog.dir/src/stdout_sinks.cpp.o
[ 54%] Building C object src/CMakeFiles/rscore.dir/concurrent_ctx.c.o
   Compiling enumflags2 v0.7.12
   Compiling rqe_core v0.0.1 (/work/modules/redisearch/src/src/redisearch_rs/rqe_core)
   Compiling ffi v0.0.1 (/work/modules/redisearch/src/src/redisearch_rs/ffi)
   Compiling strum v0.27.2
   Compiling document v0.0.1 (/work/modules/redisearch/src/src/redisearch_rs/document)
   Compiling query_types v0.0.1 (/work/modules/redisearch/src/src/redisearch_rs/query_types)
[ 54%] Building C object src/CMakeFiles/rscore.dir/config.c.o
   Compiling query_term v0.0.1 (/work/modules/redisearch/src/src/redisearch_rs/query_term)
   Compiling rqe_iterator_type v0.0.1 (/work/modules/redisearch/src/src/redisearch_rs/rqe_iterator_type)
   Compiling tracing-attributes v0.1.31
[ 54%] Building C object src/CMakeFiles/rscore.dir/cursor.c.o
   Compiling pin-project-lite v0.2.17
[ 54%] Building C object src/CMakeFiles/rscore.dir/debug_commands.c.o
   Compiling tracing v0.1.44
   Compiling thin_vec v0.0.1 (/work/modules/redisearch/src/src/redisearch_rs/thin_vec)
   Compiling synstructure v0.13.2
[ 54%] Building CXX object _deps/spdlog-build/CMakeFiles/spdlog.dir/src/color_sinks.cpp.o
[ 54%] Building CXX object deps/googletest/googletest/CMakeFiles/gtest_main.dir/src/gtest_main.cc.o
[ 55%] Building C object src/CMakeFiles/rscore.dir/dictionary.c.o
   Compiling varint v0.0.1 (/work/modules/redisearch/src/src/redisearch_rs/varint)
[ 55%] Building C object src/CMakeFiles/rscore.dir/disk_gc.c.o
   Compiling zerofrom-derive v0.1.7
[ 55%] Building C object src/CMakeFiles/rscore.dir/doc_id_meta.c.o
[ 55%] Linking CXX static library ../../../lib/libgtest_main.a
[ 55%] Built target gtest_main
[ 55%] Building CXX object _deps/googlebench-build/src/CMakeFiles/benchmark_main.dir/benchmark_main.cc.o
[ 55%] Building C object src/CMakeFiles/rscore.dir/doc_table.c.o
   Compiling field v0.0.1 (/work/modules/redisearch/src/src/redisearch_rs/field)
   Compiling ref_mode v0.0.1 (/work/modules/redisearch/src/src/redisearch_rs/ref_mode)
   Compiling paste v1.0.15
[ 55%] Building C object src/CMakeFiles/rscore.dir/document.c.o
[ 55%] Linking CXX static library libbenchmark_main.a
[ 55%] Built target benchmark_main
[ 55%] Linking CXX static library libredisearch-coord.a
   Compiling zerofrom v0.1.8
   Compiling index_result v0.0.1 (/work/modules/redisearch/src/src/redisearch_rs/index_result)
   Compiling redis_reply v0.0.1 (/work/modules/redisearch/src/src/redisearch_rs/redis_reply)
[ 55%] Built target redisearch-coord
   Compiling yoke-derive v0.8.2
[ 55%] Building CXX object src/VectorSimilarity/src/VecSim/spaces/CMakeFiles/VectorSimilaritySpaces.dir/L2_space.cpp.o
[ 55%] Building C object src/CMakeFiles/rscore.dir/document_add.c.o
[ 56%] Building C object src/CMakeFiles/rscore.dir/document_basic.c.o
   Compiling qint v0.0.1 (/work/modules/redisearch/src/src/redisearch_rs/qint)
   Compiling smallvec v1.15.2
[ 57%] Building CXX object src/VectorSimilarity/src/VecSim/spaces/CMakeFiles/VectorSimilaritySpaces.dir/IP_space.cpp.o
   Compiling inverted_index v0.0.1 (/work/modules/redisearch/src/src/redisearch_rs/inverted_index)
[ 57%] Building C object src/CMakeFiles/rscore.dir/ext/debug_scorers.c.o
[ 57%] Building C object src/CMakeFiles/rscore.dir/ext/default.c.o
[ 57%] Building CXX object src/VectorSimilarity/src/VecSim/spaces/CMakeFiles/VectorSimilaritySpaces.dir/spaces.cpp.o
   Compiling yoke v0.8.3
[ 57%] Building C object src/CMakeFiles/rscore.dir/extension.c.o
[ 57%] Building CXX object _deps/spdlog-build/CMakeFiles/spdlog.dir/src/file_sinks.cpp.o
   Compiling c_ffi_utils v0.0.1 (/work/modules/redisearch/src/src/redisearch_rs/c_entrypoint/c_ffi_utils)
[ 57%] Building CXX object src/VectorSimilarity/src/VecSim/spaces/CMakeFiles/VectorSimilaritySpaces.dir/functions/NEON_DOTPROD.cpp.o
   Compiling ext-trait-proc_macros v1.0.1
[ 57%] Building C object src/CMakeFiles/rscore.dir/field_spec.c.o
   Compiling macro_rules_attribute-proc_macro v0.1.3
[ 57%] Building C object src/CMakeFiles/rscore.dir/fork_gc/fork_gc.c.o
[ 58%] Building C object src/CMakeFiles/rscore.dir/fork_gc/missing_docs.c.o
   Compiling macro_rules_attribute v0.1.3
   Compiling ext-trait v1.0.1
   Compiling query_error v0.0.1 (/work/modules/redisearch/src/src/redisearch_rs/query_error)
[ 58%] Building C object src/CMakeFiles/rscore.dir/fork_gc/numeric.c.o
   Compiling nougat-proc_macros v0.2.4
   Compiling zerovec-derive v0.11.3
[ 58%] Building C object src/CMakeFiles/rscore.dir/fork_gc/pipe.c.o
   Compiling extension-traits v1.0.1
   Compiling lending-iterator-proc_macros v0.1.7
[ 58%] Building C object src/CMakeFiles/rscore.dir/fork_gc/tags.c.o
   Compiling nougat v0.2.4
   Compiling displaydoc v0.2.6
[ 58%] Building C object src/CMakeFiles/rscore.dir/fork_gc/terms.c.o
[ 58%] Building C object src/CMakeFiles/rscore.dir/forward_index.c.o
   Compiling polonius-the-crab v0.2.1
   Compiling zerovec v0.11.6
   Compiling never-say-never v6.6.666
   Compiling lending-iterator v0.1.7
[ 58%] Building CXX object _deps/spdlog-build/CMakeFiles/spdlog.dir/src/async.cpp.o
[ 59%] Building C object src/CMakeFiles/rscore.dir/fragmenter.c.o
   Compiling hidden_string v0.0.1 (/work/modules/redisearch/src/src/redisearch_rs/c_wrappers/hidden_string)
   Compiling tracing_assert v0.0.1 (/work/modules/redisearch/src/src/redisearch_rs/tracing_assert)
   Compiling triomphe v0.1.16
   Compiling writeable v0.6.3
[ 59%] Building C object src/CMakeFiles/rscore.dir/gc.c.o
   Compiling value v0.0.1 (/work/modules/redisearch/src/src/redisearch_rs/value)
   Compiling field_spec v0.0.1 (/work/modules/redisearch/src/src/redisearch_rs/c_wrappers/field_spec)
[ 59%] Building C object src/CMakeFiles/rscore.dir/geo_index.c.o
   Compiling tinystr v0.8.3
   Compiling schema_rule v0.0.1 (/work/modules/redisearch/src/src/redisearch_rs/c_wrappers/schema_rule)
   Compiling litemap v0.8.2
   Compiling icu_properties_data v2.2.0
[ 59%] Building C object src/CMakeFiles/rscore.dir/geometry_index.c.o
   Compiling icu_locale_core v2.2.0
   Compiling index_spec v0.0.1 (/work/modules/redisearch/src/src/redisearch_rs/c_wrappers/index_spec)
[ 59%] Building C object src/CMakeFiles/rscore.dir/highlight_processor.c.o
   Compiling potential_utf v0.1.5
   Compiling zerotrie v0.2.4
   Compiling utf8_iter v1.0.4
[ 59%] Building C object src/CMakeFiles/rscore.dir/hll/hll.c.o
   Compiling icu_casemap_data v2.2.0
[ 59%] Building CXX object src/VectorSimilarity/src/VecSim/spaces/CMakeFiles/VectorSimilaritySpaces.dir/functions/NEON.cpp.o
[ 60%] Building C object src/CMakeFiles/rscore.dir/hybrid/hybrid_debug.c.o
   Compiling icu_collections v2.2.0
[ 60%] Building C object src/CMakeFiles/rscore.dir/hybrid/hybrid_exec.c.o
[ 61%] Building CXX object _deps/spdlog-build/CMakeFiles/spdlog.dir/src/cfg.cpp.o
[ 61%] Building C object src/CMakeFiles/rscore.dir/hybrid/hybrid_lookup_context.c.o
[ 61%] Building C object src/CMakeFiles/rscore.dir/hybrid/hybrid_request.c.o
[ 61%] Building C object src/CMakeFiles/rscore.dir/hybrid/hybrid_scoring.c.o
[ 61%] Linking CXX static library libspdlog.a
[ 61%] Building C object src/CMakeFiles/rscore.dir/hybrid/hybrid_search_result.c.o
   Compiling icu_provider v2.2.0
[ 61%] Built target spdlog
[ 62%] Building C object src/CMakeFiles/rscore.dir/hybrid/parse/hybrid_callbacks.c.o
   Compiling icu_properties v2.2.0
[ 62%] Building C object src/CMakeFiles/rscore.dir/hybrid/parse/hybrid_combine.c.o
[ 62%] Building C object src/CMakeFiles/rscore.dir/hybrid/parse/hybrid_optional_args.c.o
[ 62%] Building CXX object src/VectorSimilarity/src/VecSim/spaces/CMakeFiles/VectorSimilaritySpaces.dir/functions/NEON_HP.cpp.o
[ 62%] Building C object src/CMakeFiles/rscore.dir/hybrid/parse_hybrid.c.o
[ 62%] Building C object src/CMakeFiles/rscore.dir/hybrid/vector_query_utils.c.o
[ 62%] Building C object src/CMakeFiles/rscore.dir/index_result_async_read.c.o
   Compiling sorting_vector v0.0.1 (/work/modules/redisearch/src/src/redisearch_rs/sorting_vector)
   Compiling icu_casemap v2.2.0
[ 63%] Building C object src/CMakeFiles/rscore.dir/indexer.c.o
   Compiling rm_array v0.0.1 (/work/modules/redisearch/src/src/redisearch_rs/c_wrappers/rm_array)
   Compiling rqe_wildcard v0.0.1 (/work/modules/redisearch/src/src/redisearch_rs/rqe_wildcard)
[ 63%] Building C object src/CMakeFiles/rscore.dir/indexes.c.o
[ 63%] Building C object src/CMakeFiles/rscore.dir/indexes_asyncscan.c.o
   Compiling rlookup v0.0.1 (/work/modules/redisearch/src/src/redisearch_rs/rlookup)
[ 63%] Building CXX object src/VectorSimilarity/src/VecSim/spaces/CMakeFiles/VectorSimilaritySpaces.dir/functions/NEON_BF16.cpp.o
[ 63%] Building C object src/CMakeFiles/rscore.dir/indexes_scan.c.o
   Compiling pin-project-internal v1.1.13
[ 63%] Building C object src/CMakeFiles/rscore.dir/indexes_scanner.c.o
[ 63%] Building C object src/CMakeFiles/rscore.dir/info/field_spec_info.c.o
   Compiling index_spec_cache v0.0.1 (/work/modules/redisearch/src/src/redisearch_rs/c_wrappers/index_spec_cache)
   Compiling redis_json_api v0.0.1 (/work/modules/redisearch/src/src/redisearch_rs/redis_json_api)
[ 64%] Building C object src/CMakeFiles/rscore.dir/info/global_stats.c.o
[ 65%] Building CXX object src/VectorSimilarity/src/VecSim/spaces/CMakeFiles/VectorSimilaritySpaces.dir/functions/SVE.cpp.o
[ 65%] Building C object src/CMakeFiles/rscore.dir/info/index_error.c.o
   Compiling pin-project v1.1.13
   Compiling document_metadata v0.0.1 (/work/modules/redisearch/src/src/redisearch_rs/c_wrappers/document_metadata)
   Compiling itertools v0.15.0
   Compiling hash32 v1.0.0
[ 65%] Building C object src/CMakeFiles/rscore.dir/info/indexes_info.c.o
   Compiling fnv v0.0.1 (/work/modules/redisearch/src/src/redisearch_rs/fnv)
   Compiling decorum v0.4.0
   Compiling trie_rs v0.0.1 (/work/modules/redisearch/src/src/redisearch_rs/trie_rs)
[ 65%] Building C object src/CMakeFiles/rscore.dir/info/info_command.c.o
[ 65%] Building CXX object src/VectorSimilarity/src/VecSim/spaces/CMakeFiles/VectorSimilaritySpaces.dir/functions/SVE_BF16.cpp.o
   Compiling wyhash v0.5.0
   Compiling numeric_range_tree v0.0.1 (/work/modules/redisearch/src/src/redisearch_rs/numeric_range_tree)
[ 65%] Building CXX object src/VectorSimilarity/src/VecSim/spaces/CMakeFiles/VectorSimilaritySpaces.dir/functions/SVE2.cpp.o
   Compiling approx v0.5.1
   Compiling bytecount v0.6.9
[ 65%] Building C object src/CMakeFiles/rscore.dir/info/info_redis/block_client.c.o
   Compiling hyperloglog v0.0.1 (/work/modules/redisearch/src/src/redisearch_rs/hyperloglog)
   Compiling generational_slab v0.0.1 (/work/modules/redisearch/src/src/redisearch_rs/generational_slab)
[ 65%] Building C object src/CMakeFiles/rscore.dir/info/info_redis/info_redis.c.o
[ 65%] Building CXX object src/VectorSimilarity/src/VecSim/spaces/CMakeFiles/VectorSimilaritySpaces.dir/computer/preprocessor_container.cpp.o
   Compiling geo v0.0.1 (/work/modules/redisearch/src/src/redisearch_rs/geo)
[ 66%] Building C object src/CMakeFiles/rscore.dir/info/info_redis/threads/current_thread.c.o
   Compiling ttl_table v0.0.1 (/work/modules/redisearch/src/src/redisearch_rs/ttl_table)
[ 66%] Building C object src/CMakeFiles/rscore.dir/info/info_redis/threads/main_thread.c.o
   Compiling buffer v0.0.1 (/work/modules/redisearch/src/src/redisearch_rs/c_wrappers/buffer)
[ 66%] Building C object src/CMakeFiles/rscore.dir/info/info_redis/types/blocked_queries.c.o
   Compiling idf v0.0.1 (/work/modules/redisearch/src/src/redisearch_rs/idf)
   Compiling rqe_iterators v0.0.1 (/work/modules/redisearch/src/src/redisearch_rs/rqe_iterators)
   Compiling varint_ffi v0.0.1 (/work/modules/redisearch/src/src/redisearch_rs/c_entrypoint/varint_ffi)
[ 66%] Building C object src/CMakeFiles/rscore.dir/info/vector_index_stats.c.o
[ 66%] Building C object src/CMakeFiles/rscore.dir/json.c.o
   Compiling types_ffi v0.0.1 (/work/modules/redisearch/src/src/redisearch_rs/c_entrypoint/types_ffi)
[ 66%] Building C object src/CMakeFiles/rscore.dir/language.c.o
[ 66%] Linking CXX static library libVectorSimilaritySpaces.a
   Compiling rmp v0.8.15
[ 67%] Building C object src/CMakeFiles/rscore.dir/legacy_types.c.o
   Compiling search_disk v0.0.1 (/work/modules/redisearch/src/src/redisearch_rs/c_wrappers/search_disk)
[ 67%] Building C object src/CMakeFiles/rscore.dir/module-init/module-init.c.o
[ 67%] Built target VectorSimilaritySpaces
[ 67%] Building C object src/CMakeFiles/rscore.dir/module.c.o
   Compiling rmp-serde v1.3.1
   Compiling string_utils v0.0.1 (/work/modules/redisearch/src/src/redisearch_rs/string_utils)
   Compiling query v0.0.1 (/work/modules/redisearch/src/src/redisearch_rs/c_wrappers/query)
[ 67%] Building C object src/CMakeFiles/rscore.dir/notifications.c.o
   Compiling hashbrown v0.17.1
[ 67%] Building C object src/CMakeFiles/rscore.dir/numeric_filter.c.o
   Compiling equivalent v1.0.2
   Compiling winnow v1.0.3
/work/modules/redisearch/src/src/notifications.c: In function 'Initialize_RdbNotifications':
/work/modules/redisearch/src/src/notifications.c:1081:5: warning: 'RedisModuleEvent_ReplBackup' is deprecated [-Wdeprecated-declarations]
 1081 |     int success = RedisModule_SubscribeToServerEvent(ctx, RedisModuleEvent_ReplBackup, ReplicaBackupCallback);
      |     ^~~
In file included from /work/modules/redisearch/src/src/config.h:11,
                 from /work/modules/redisearch/src/src/notifications.c:9:
/work/modules/redisearch/src/src/redismodule.h:713:5: note: declared here
  713 |     RedisModuleEvent_ReplBackup = {
      |     ^~~~~~~~~~~~~~~~~~~~~~~~~~~
[ 67%] Building C object src/CMakeFiles/rscore.dir/obfuscation/hidden.c.o
   Compiling toml_parser v1.1.2+spec-1.1.0
   Compiling indexmap v2.14.0
[ 67%] Building CXX object src/VectorSimilarity/src/VecSim/CMakeFiles/VectorSimilarity.dir/index_factories/brute_force_factory.cpp.o
   Compiling sharded-slab v0.1.7
[ 68%] Building C object src/CMakeFiles/rscore.dir/obfuscation/hidden_unicode.c.o
[ 68%] Building C object src/CMakeFiles/rscore.dir/obfuscation/obfuscation_api.c.o
   Compiling query_flags v0.0.1 (/work/modules/redisearch/src/src/redisearch_rs/query_flags)
   Compiling result_processor v0.0.1 (/work/modules/redisearch/src/src/redisearch_rs/result_processor)
   Compiling reducers v0.0.1 (/work/modules/redisearch/src/src/redisearch_rs/reducers)
[ 68%] Building C object src/CMakeFiles/rscore.dir/offset_vector.c.o
   Compiling query_eval v0.0.1 (/work/modules/redisearch/src/src/redisearch_rs/query_eval)
   Compiling matchers v0.2.0
   Compiling thread_local v1.1.9
[ 68%] Building C object src/CMakeFiles/rscore.dir/param.c.o
   Compiling toml_datetime v0.7.5+spec-1.1.0
   Compiling serde_spanned v1.1.1
[ 68%] Building C object src/CMakeFiles/rscore.dir/phonetic_manager.c.o
   Compiling nu-ansi-term v0.50.3
[ 68%] Building CXX object src/VectorSimilarity/src/VecSim/CMakeFiles/VectorSimilarity.dir/index_factories/hnsw_factory.cpp.o
   Compiling same-file v1.0.6
   Compiling toml_writer v1.1.1+spec-1.1.0
[ 68%] Building C object src/CMakeFiles/rscore.dir/pipeline/pipeline.c.o
   Compiling winnow v0.7.15
   Compiling tracing-subscriber v0.3.23
[ 68%] Building C object src/CMakeFiles/rscore.dir/pipeline/pipeline_construction.c.o
   Compiling walkdir v2.5.0
   Compiling priority-queue v2.7.0
[ 69%] Building C object src/CMakeFiles/rscore.dir/profile/options.c.o
   Compiling toml v0.9.12+spec-1.1.0
[ 69%] Building C object src/CMakeFiles/rscore.dir/profile/profile.c.o
[ 69%] Building C object src/CMakeFiles/rscore.dir/query.c.o
   Compiling inverted_index_ffi v0.0.1 (/work/modules/redisearch/src/src/redisearch_rs/c_entrypoint/inverted_index_ffi)
   Compiling value_ffi v0.0.1 (/work/modules/redisearch/src/src/redisearch_rs/c_entrypoint/value_ffi)
   Compiling tracing_log_error v0.1.4
[ 69%] Building C object src/CMakeFiles/rscore.dir/query_error_compat.c.o
   Compiling bumpalo v3.20.3
[ 69%] Building C object src/CMakeFiles/rscore.dir/query_optimizer.c.o
   Compiling anstyle-query v1.1.5
   Compiling unsafe-tools-canary v0.1.2
   Compiling min-max-heap v1.3.0
   Compiling unsafe-tools-mimic v0.1.2
[ 69%] Building C object src/CMakeFiles/rscore.dir/query_param.c.o
   Compiling unsafe-tools v0.1.2
   Compiling tracing_redismodule v0.0.1 (/work/modules/redisearch/src/src/redisearch_rs/tracing_redismodule)
[ 70%] Building C object src/CMakeFiles/rscore.dir/query_parser/v1/lexer.c.o
[ 70%] Building C object src/CMakeFiles/rscore.dir/query_parser/v1/parser.c.o
[ 70%] Building C object src/CMakeFiles/rscore.dir/query_parser/v2/lexer.c.o
   Compiling redisearch_rs v0.0.1 (/work/modules/redisearch/src/src/redisearch_rs/c_entrypoint/redisearch_rs)
[ 70%] Building C object src/CMakeFiles/rscore.dir/query_parser/v2/parser.c.o
   Compiling numeric_range_tree_ffi v0.0.1 (/work/modules/redisearch/src/src/redisearch_rs/c_entrypoint/numeric_range_tree_ffi)
[ 70%] Building C object src/CMakeFiles/rscore.dir/rdb.c.o
   Compiling redis_mock v0.0.1 (/work/modules/redisearch/src/src/redisearch_rs/redis_mock)
[ 70%] Building C object src/CMakeFiles/rscore.dir/redis_index.c.o
   Compiling term_suffix_index v0.0.1 (/work/modules/redisearch/src/src/redisearch_rs/term_suffix_index)
[ 71%] Building C object src/CMakeFiles/rscore.dir/reply.c.o
[ 71%] Building C object src/CMakeFiles/rscore.dir/result_processor.c.o
[ 71%] Building C object src/CMakeFiles/rscore.dir/rlookup_load_document.c.o
[ 71%] Building C object src/CMakeFiles/rscore.dir/rules.c.o
[ 71%] Building CXX object src/VectorSimilarity/src/VecSim/CMakeFiles/VectorSimilarity.dir/index_factories/tiered_factory.cpp.o
[ 71%] Building C object src/CMakeFiles/rscore.dir/score_explain.c.o
   Compiling search_result v0.0.1 (/work/modules/redisearch/src/src/redisearch_rs/search_result)
[ 71%] Building C object src/CMakeFiles/rscore.dir/search_disk.c.o
[ 72%] Building C object src/CMakeFiles/rscore.dir/search_disk_utils.c.o
[ 72%] Building C object src/CMakeFiles/rscore.dir/shard_window_ratio.c.o
   Compiling fork_gc v0.0.1 (/work/modules/redisearch/src/src/redisearch_rs/fork_gc)
[ 72%] Building C object src/CMakeFiles/rscore.dir/slot_ranges.c.o
[ 72%] Building C object src/CMakeFiles/rscore.dir/sortable.c.o
[ 72%] Building C object src/CMakeFiles/rscore.dir/spec.c.o
In file included from /work/modules/redisearch/src/deps/VectorSimilarity/src/VecSim/algorithms/svs/svs.h:27,
                 from /work/modules/redisearch/src/deps/VectorSimilarity/src/VecSim/algorithms/svs/svs_tiered.h:5,
                 from /work/modules/redisearch/src/deps/VectorSimilarity/src/VecSim/index_factories/tiered_factory.h:16,
                 from /work/modules/redisearch/src/deps/VectorSimilarity/src/VecSim/index_factories/tiered_factory.cpp:9:
/work/modules/redisearch/src/deps/VectorSimilarity/src/VecSim/algorithms/svs/svs_extensions.h:239:17: note: '#pragma message: SVS LVQ is not available'
  239 | #pragma message "SVS LVQ is not available"
      |                 ^~~~~~~~~~~~~~~~~~~~~~~~~~
[ 72%] Building C object src/CMakeFiles/rscore.dir/spell_check.c.o
   Compiling slots_tracker v0.0.1 (/work/modules/redisearch/src/src/redisearch_rs/slots_tracker)
[ 73%] Building C object src/CMakeFiles/rscore.dir/stemmer.c.o
[ 73%] Building C object src/CMakeFiles/rscore.dir/stopwords.c.o
   Compiling slots_tracker_ffi v0.0.1 (/work/modules/redisearch/src/src/redisearch_rs/c_entrypoint/slots_tracker_ffi)
[ 73%] Building C object src/CMakeFiles/rscore.dir/suffix.c.o
   Compiling fork_gc_ffi v0.0.1 (/work/modules/redisearch/src/src/redisearch_rs/c_entrypoint/fork_gc_ffi)
   Compiling reducers_ffi v0.0.1 (/work/modules/redisearch/src/src/redisearch_rs/c_entrypoint/reducers_ffi)
   Compiling query_eval_ffi v0.0.1 (/work/modules/redisearch/src/src/redisearch_rs/c_entrypoint/query_eval_ffi)
   Compiling result_processor_ffi v0.0.1 (/work/modules/redisearch/src/src/redisearch_rs/c_entrypoint/result_processor_ffi)
[ 73%] Building C object src/CMakeFiles/rscore.dir/suggest.c.o
   Compiling search_result_ffi v0.0.1 (/work/modules/redisearch/src/src/redisearch_rs/c_entrypoint/search_result_ffi)
   Compiling rlookup_ffi v0.0.1 (/work/modules/redisearch/src/src/redisearch_rs/c_entrypoint/rlookup_ffi)
   Compiling iterators_ffi v0.0.1 (/work/modules/redisearch/src/src/redisearch_rs/c_entrypoint/iterators_ffi)
   Compiling term_suffix_index_ffi v0.0.1 (/work/modules/redisearch/src/src/redisearch_rs/c_entrypoint/term_suffix_index_ffi)
[ 73%] Building C object src/CMakeFiles/rscore.dir/summarize_spec.c.o
[ 73%] Building C object src/CMakeFiles/rscore.dir/synonym_map.c.o
   Compiling module_init_ffi v0.0.1 (/work/modules/redisearch/src/src/redisearch_rs/c_entrypoint/module_init_ffi)
   Compiling geo_ffi v0.0.1 (/work/modules/redisearch/src/src/redisearch_rs/c_entrypoint/geo_ffi)
[ 74%] Building C object src/CMakeFiles/rscore.dir/tag_index.c.o
   Compiling sorting_vector_ffi v0.0.1 (/work/modules/redisearch/src/src/redisearch_rs/c_entrypoint/sorting_vector_ffi)
   Compiling idf_ffi v0.0.1 (/work/modules/redisearch/src/src/redisearch_rs/c_entrypoint/idf_ffi)
   Compiling ttl_table_ffi v0.0.1 (/work/modules/redisearch/src/src/redisearch_rs/c_entrypoint/ttl_table_ffi)
   Compiling triemap_ffi v0.0.1 (/work/modules/redisearch/src/src/redisearch_rs/c_entrypoint/triemap_ffi)
   Compiling fnv_ffi v0.0.1 (/work/modules/redisearch/src/src/redisearch_rs/c_entrypoint/fnv_ffi)
[ 74%] Building C object src/CMakeFiles/rscore.dir/tokenize.c.o
   Compiling query_error_ffi v0.0.1 (/work/modules/redisearch/src/src/redisearch_rs/c_entrypoint/query_error_ffi)
   Compiling metrics_ffi v0.0.1 (/work/modules/redisearch/src/src/redisearch_rs/c_entrypoint/metrics_ffi)
[ 74%] Building C object src/CMakeFiles/rscore.dir/tokenize_cn.c.o
   Compiling query_term_ffi v0.0.1 (/work/modules/redisearch/src/src/redisearch_rs/c_entrypoint/query_term_ffi)
[ 74%] Building C object src/CMakeFiles/rscore.dir/trie/levenshtein.c.o
[ 74%] Building C object src/CMakeFiles/rscore.dir/trie/rune_util.c.o
[ 74%] Building C object src/CMakeFiles/rscore.dir/trie/sparse_vector.c.o
[ 75%] Building C object src/CMakeFiles/rscore.dir/trie/trie.c.o
[ 75%] Building C object src/CMakeFiles/rscore.dir/trie/trie_node.c.o
[ 75%] Building CXX object src/VectorSimilarity/src/VecSim/CMakeFiles/VectorSimilarity.dir/index_factories/svs_factory.cpp.o
[ 75%] Building C object src/CMakeFiles/rscore.dir/util/arg_parser.c.o
[ 75%] Building C object src/CMakeFiles/rscore.dir/util/arr/arr.c.o
[ 75%] Building C object src/CMakeFiles/rscore.dir/util/array.c.o
[ 75%] Building C object src/CMakeFiles/rscore.dir/util/block_alloc.c.o
[ 76%] Building C object src/CMakeFiles/rscore.dir/util/circular_buffer.c.o
[ 76%] Building C object src/CMakeFiles/rscore.dir/util/heap.c.o
[ 76%] Building C object src/CMakeFiles/rscore.dir/util/heap_doubles.c.o
[ 76%] Building C object src/CMakeFiles/rscore.dir/util/khtable.c.o
[ 76%] Building C object src/CMakeFiles/rscore.dir/util/logging.c.o
[ 76%] Building C object src/CMakeFiles/rscore.dir/util/minmax_heap.c.o
[ 77%] Building C object src/CMakeFiles/rscore.dir/util/misc.c.o
[ 77%] Building C object src/CMakeFiles/rscore.dir/util/quantile.c.o
[ 77%] Building C object src/CMakeFiles/rscore.dir/util/redis_mem_info.c.o
In file included from /work/modules/redisearch/src/deps/VectorSimilarity/src/VecSim/algorithms/svs/svs.h:27,
                 from /work/modules/redisearch/src/deps/VectorSimilarity/src/VecSim/index_factories/svs_factory.cpp:15:
/work/modules/redisearch/src/deps/VectorSimilarity/src/VecSim/algorithms/svs/svs_extensions.h:239:17: note: '#pragma message: SVS LVQ is not available'
  239 | #pragma message "SVS LVQ is not available"
      |                 ^~~~~~~~~~~~~~~~~~~~~~~~~~
[ 77%] Building C object src/CMakeFiles/rscore.dir/util/references.c.o
    Finished `optimised_test` profile [optimized + debuginfo] target(s) in 1m 47s
[ 77%] Building C object src/CMakeFiles/rscore.dir/util/strconv.c.o
[ 77%] Built target redisearch_rs_build
[ 77%] Building CXX object src/VectorSimilarity/src/VecSim/CMakeFiles/VectorSimilarity.dir/index_factories/index_factory.cpp.o
[ 77%] Building C object src/CMakeFiles/rscore.dir/util/threadpool_api.c.o
[ 78%] Building C object src/CMakeFiles/rscore.dir/util/workers.c.o
[ 78%] Building C object src/CMakeFiles/rscore.dir/vector_index.c.o
[ 78%] Building C object src/CMakeFiles/rscore.dir/wildcard/wildcard.c.o
[ 79%] Built target rscore
[ 79%] Building CXX object src/VectorSimilarity/src/VecSim/CMakeFiles/VectorSimilarity.dir/algorithms/hnsw/visited_nodes_handler.cpp.o
[ 79%] Built target redisearch_rs_lib_file
[ 80%] Building CXX object src/VectorSimilarity/src/VecSim/CMakeFiles/VectorSimilarity.dir/vec_sim.cpp.o
In file included from /work/modules/redisearch/src/deps/VectorSimilarity/src/VecSim/algorithms/svs/svs.h:27,
                 from /work/modules/redisearch/src/deps/VectorSimilarity/src/VecSim/algorithms/svs/svs_tiered.h:5,
                 from /work/modules/redisearch/src/deps/VectorSimilarity/src/VecSim/index_factories/tiered_factory.h:16,
                 from /work/modules/redisearch/src/deps/VectorSimilarity/src/VecSim/index_factories/index_factory.cpp:13:
/work/modules/redisearch/src/deps/VectorSimilarity/src/VecSim/algorithms/svs/svs_extensions.h:239:17: note: '#pragma message: SVS LVQ is not available'
  239 | #pragma message "SVS LVQ is not available"
      |                 ^~~~~~~~~~~~~~~~~~~~~~~~~~
[ 80%] Building CXX object src/VectorSimilarity/src/VecSim/CMakeFiles/VectorSimilarity.dir/vec_sim_debug.cpp.o
[ 80%] Building CXX object src/VectorSimilarity/src/VecSim/CMakeFiles/VectorSimilarity.dir/vec_sim_interface.cpp.o
[ 80%] Building CXX object src/VectorSimilarity/src/VecSim/CMakeFiles/VectorSimilarity.dir/query_results.cpp.o
[ 80%] Building CXX object src/VectorSimilarity/src/VecSim/CMakeFiles/VectorSimilarity.dir/info_iterator.cpp.o
[ 80%] Building CXX object src/VectorSimilarity/src/VecSim/CMakeFiles/VectorSimilarity.dir/utils/vec_utils.cpp.o
[ 81%] Building CXX object src/VectorSimilarity/src/VecSim/CMakeFiles/VectorSimilarity.dir/containers/data_block.cpp.o
[ 81%] Building CXX object src/VectorSimilarity/src/VecSim/CMakeFiles/VectorSimilarity.dir/containers/data_blocks_container.cpp.o
[ 81%] Building CXX object src/VectorSimilarity/src/VecSim/CMakeFiles/VectorSimilarity.dir/memory/vecsim_malloc.cpp.o
[ 81%] Building CXX object src/VectorSimilarity/src/VecSim/CMakeFiles/VectorSimilarity.dir/memory/vecsim_base.cpp.o
[ 81%] Linking CXX static library libVectorSimilarity.a
[ 81%] Built target VectorSimilarity
[ 81%] Linking CXX static library libredisearch_c.a
[ 81%] Built target redisearch_c
[ 81%] Creating unified libredisearch_all.a with ar
[ 81%] Linking CXX shared library redisearch.so
[ 81%] Built target redisearch_all
Extracting debug symbols from redisearch
[ 81%] Built target redisearch
[ 81%] Building CXX object tests/cpptests/CMakeFiles/rsbench.dir/benchmark_vecsim_hybrid_queries.cpp.o
[ 81%] Building CXX object tests/cpptests/coord_tests/CMakeFiles/rstest_coord.dir/test_cpp_cluster_io_threads.cpp.o
[ 81%] Building CXX object tests/cpptests/CMakeFiles/test_distagg.dir/test_distagg.cpp.o
[ 81%] Building CXX object tests/cpptests/CMakeFiles/rstest.dir/test_cpp_agg.cpp.o
[ 81%] Building CXX object tests/cpptests/CMakeFiles/test_distagg.dir/stacktrace.cpp.o
[ 81%] Building CXX object tests/cpptests/CMakeFiles/rsbench.dir/index_utils.cpp.o
[ 81%] Building CXX object tests/cpptests/coord_tests/CMakeFiles/rstest_coord.dir/test_cpp_cluster_topology.cpp.o
[ 81%] Building CXX object tests/cpptests/CMakeFiles/rstest.dir/test_cpp_areq_compile.cpp.o
[ 82%] Linking CXX executable test_distagg
[ 82%] Built target test_distagg
[ 82%] Building CXX object tests/cpptests/CMakeFiles/rsbench.dir/llapi_test_helpers.cpp.o
[ 82%] Building CXX object tests/cpptests/coord_tests/CMakeFiles/rstest_coord.dir/test_cpp_clusterset.cpp.o
[ 82%] Building CXX object tests/cpptests/CMakeFiles/rsbench.dir/stacktrace.cpp.o
[ 82%] Building CXX object tests/cpptests/CMakeFiles/rstest.dir/test_cpp_arg_parser.cpp.o
[ 82%] Linking CXX executable rsbench
[ 82%] Built target rsbench
[ 83%] Building CXX object tests/cpptests/coord_tests/CMakeFiles/rstest_coord.dir/test_cpp_command.cpp.o
[ 84%] Building CXX object tests/cpptests/micro-benchmarks/CMakeFiles/benchmark_unicode_tolower.dir/benchmark_unicode_tolower.cpp.o
[ 85%] Building CXX object tests/cpptests/CMakeFiles/rstest.dir/test_cpp_arr.cpp.o
[ 85%] Linking CXX executable ../../../micro-benchmarks/benchmark_unicode_tolower
[ 85%] Building C object tests/ctests/CMakeFiles/test_array.dir/test_array.c.o
[ 85%] Linking CXX executable test_array
[ 85%] Built target benchmark_unicode_tolower
[ 85%] Built target test_array
[ 85%] Building CXX object tests/cpptests/CMakeFiles/rstest.dir/test_cpp_async_state.cpp.o
[ 85%] Building CXX object tests/cpptests/coord_tests/CMakeFiles/rstest_coord.dir/test_cpp_distribute_collect.cpp.o
[ 85%] Building C object tests/ctests/CMakeFiles/test_asm_state_machine.dir/test_asm_state_machine.c.o
[ 85%] Linking CXX executable test_asm_state_machine
[ 85%] Built target test_asm_state_machine
[ 85%] Building CXX object tests/cpptests/CMakeFiles/rstest.dir/test_cpp_circularBuffer.cpp.o
[ 85%] Building CXX object tests/cpptests/coord_tests/CMakeFiles/rstest_coord.dir/test_cpp_hybrid_build_mr_cmd.cpp.o
[ 86%] Building C object tests/ctests/CMakeFiles/test_blkalloc.dir/test_blkalloc.c.o
[ 86%] Linking CXX executable test_blkalloc
[ 86%] Built target test_blkalloc
[ 86%] Building CXX object tests/cpptests/coord_tests/CMakeFiles/rstest_coord.dir/test_cpp_io_runtime_ctx.cpp.o
[ 86%] Building CXX object tests/cpptests/CMakeFiles/rstest.dir/test_cpp_cluster.cpp.o
[ 87%] Building C object tests/ctests/CMakeFiles/test_cntokenize.dir/test_cntokenize.c.o
[ 87%] Linking CXX executable test_cntokenize
[ 87%] Built target test_cntokenize
[ 87%] Building CXX object tests/cpptests/coord_tests/CMakeFiles/rstest_coord.dir/__/common.cpp.o
[ 87%] Building CXX object tests/cpptests/CMakeFiles/rstest.dir/test_cpp_collect.cpp.o
[ 87%] Building C object tests/ctests/CMakeFiles/test_error_parsing.dir/test_error_parsing.c.o
[ 87%] Building CXX object tests/cpptests/CMakeFiles/rstest.dir/test_cpp_config_timeout_cap.cpp.o
[ 87%] Linking CXX executable test_error_parsing
[ 87%] Built target test_error_parsing
[ 87%] Building CXX object tests/cpptests/coord_tests/CMakeFiles/rstest_coord.dir/__/index_utils.cpp.o
[ 88%] Building CXX object tests/cpptests/CMakeFiles/rstest.dir/test_cpp_cursors.cpp.o
[ 89%] Building CXX object tests/cpptests/coord_tests/CMakeFiles/rstest_coord.dir/__/llapi_test_helpers.cpp.o
[ 89%] Building C object tests/ctests/CMakeFiles/test_khtable.dir/test_khtable.c.o
[ 89%] Linking CXX executable test_khtable
[ 89%] Built target test_khtable
[ 89%] Building CXX object tests/cpptests/coord_tests/CMakeFiles/rstest_coord.dir/__/stacktrace.cpp.o
[ 89%] Building C object tests/ctests/CMakeFiles/test_obfuscation.dir/test_obfuscation.c.o
[ 90%] Linking CXX executable test_obfuscation
[ 90%] Built target test_obfuscation
[ 90%] Building CXX object tests/cpptests/CMakeFiles/rstest.dir/test_cpp_dict_pause_rehash.cpp.o
[ 90%] Building C object tests/ctests/CMakeFiles/test_quantile.dir/test_quantile.c.o
[ 90%] Linking CXX executable test_quantile
[ 90%] Built target test_quantile
[ 90%] Building CXX object tests/cpptests/CMakeFiles/rstest.dir/test_cpp_doc_id_meta.cpp.o
[ 90%] Linking CXX executable rstest_coord
[ 90%] Building C object tests/ctests/CMakeFiles/test_stemmer.dir/test_stemmer.c.o
[ 91%] Linking CXX executable test_stemmer
[ 91%] Built target rstest_coord
[ 91%] Building C object tests/ctests/CMakeFiles/test_stopwords.dir/test_stopwords.c.o
[ 91%] Built target test_stemmer
[ 91%] Building CXX object tests/cpptests/CMakeFiles/rstest.dir/test_cpp_document.cpp.o
[ 91%] Linking CXX executable test_stopwords
[ 91%] Built target test_stopwords
[ 91%] Building CXX object tests/cpptests/CMakeFiles/rstest.dir/test_cpp_expr.cpp.o
[ 91%] Building C object tests/ctests/CMakeFiles/test_summarize.dir/test_summarize.c.o
[ 91%] Linking CXX executable test_summarize
[ 91%] Built target test_summarize
[ 91%] Building CXX object tests/cpptests/CMakeFiles/rstest.dir/test_cpp_extensions.cpp.o
[ 91%] Building C object tests/ctests/CMakeFiles/test_synonym_map.dir/test_synonym_map.c.o
[ 92%] Linking CXX executable test_synonym_map
[ 92%] Built target test_synonym_map
[ 93%] Building CXX object tests/cpptests/CMakeFiles/rstest.dir/test_cpp_forkgc.cpp.o
[ 93%] Building C object tests/ctests/CMakeFiles/test_trie.dir/test_trie.c.o
[ 93%] Linking CXX executable test_trie
[ 93%] Built target test_trie
[ 93%] Building C object tests/ctests/CMakeFiles/test_vector_index_stats.dir/test_vector_index_stats.c.o
[ 93%] Linking CXX executable test_vector_index_stats
[ 93%] Built target test_vector_index_stats
[ 93%] Building C object tests/ctests/CMakeFiles/test_wildcard.dir/test_wildcard.c.o
[ 94%] Linking CXX executable test_wildcard
[ 94%] Building C object tests/ctests/coord_tests/CMakeFiles/test_chan.dir/test_chan.c.o
[ 94%] Built target test_wildcard
[ 94%] Building CXX object tests/cpptests/CMakeFiles/rstest.dir/test_cpp_hash.cpp.o
[ 94%] Linking CXX executable test_chan
[ 94%] Built target test_chan
[ 94%] Building CXX object tests/cpptests/CMakeFiles/rstest.dir/test_cpp_hidden.cpp.o
[ 94%] Building C object tests/ctests/coord_tests/CMakeFiles/test_cluster.dir/test_cluster.c.o
[ 94%] Linking CXX executable test_cluster
[ 94%] Built target test_cluster
[ 94%] Building CXX object tests/cpptests/CMakeFiles/rstest.dir/test_cpp_hybrid.cpp.o
[ 94%] Building C object tests/ctests/coord_tests/CMakeFiles/test_command.dir/test_command.c.o
[ 94%] Linking CXX executable test_command
[ 94%] Building C object tests/ctests/coord_tests/CMakeFiles/test_shard_window_ratio.dir/test_shard_window_ratio.c.o
[ 94%] Built target test_command
[ 94%] Building CXX object tests/cpptests/CMakeFiles/rstest.dir/test_cpp_hybrid_defaults.cpp.o
[ 94%] Linking CXX executable test_shard_window_ratio
[ 94%] Built target test_shard_window_ratio
[ 94%] Building CXX object tests/cpptests/CMakeFiles/rstest.dir/test_cpp_hybrid_reader_disk.cpp.o
[ 95%] Building CXX object tests/cpptests/CMakeFiles/rstest.dir/test_cpp_hybridmerger.cpp.o
[ 95%] Building CXX object tests/cpptests/CMakeFiles/rstest.dir/test_cpp_index.cpp.o
[ 95%] Building CXX object tests/cpptests/CMakeFiles/rstest.dir/test_cpp_index_error.cpp.o
[ 95%] Building CXX object tests/cpptests/CMakeFiles/rstest.dir/test_cpp_iterator_optimizer.cpp.o
[ 95%] Building CXX object tests/cpptests/CMakeFiles/rstest.dir/test_cpp_json.cpp.o
[ 95%] Building CXX object tests/cpptests/CMakeFiles/rstest.dir/test_cpp_json_vec.cpp.o
[ 96%] Building CXX object tests/cpptests/CMakeFiles/rstest.dir/test_cpp_parse_hybrid.cpp.o
[ 96%] Building CXX object tests/cpptests/CMakeFiles/rstest.dir/test_cpp_parse_hybrid_iterators.cpp.o
[ 96%] Building CXX object tests/cpptests/CMakeFiles/rstest.dir/test_cpp_parsed_hybrid_pipeline.cpp.o
[ 96%] Building CXX object tests/cpptests/CMakeFiles/rstest.dir/test_cpp_query.cpp.o
[ 96%] Building CXX object tests/cpptests/CMakeFiles/rstest.dir/test_cpp_query_error.cpp.o
[ 96%] Building CXX object tests/cpptests/CMakeFiles/rstest.dir/test_cpp_query_validation.cpp.o
[ 97%] Building CXX object tests/cpptests/CMakeFiles/rstest.dir/test_cpp_rdb.cpp.o
[ 97%] Building CXX object tests/cpptests/CMakeFiles/rstest.dir/test_cpp_resultprocessor.cpp.o
[ 97%] Building CXX object tests/cpptests/CMakeFiles/rstest.dir/test_cpp_rpdepleter.cpp.o
[ 97%] Building CXX object tests/cpptests/CMakeFiles/rstest.dir/test_cpp_rules.cpp.o
[ 97%] Building CXX object tests/cpptests/CMakeFiles/rstest.dir/test_cpp_slot_ranges.cpp.o
[ 97%] Building CXX object tests/cpptests/CMakeFiles/rstest.dir/test_cpp_stopwords.cpp.o
[ 98%] Building CXX object tests/cpptests/CMakeFiles/rstest.dir/test_cpp_suffix.cpp.o
[ 98%] Building CXX object tests/cpptests/CMakeFiles/rstest.dir/test_cpp_tagindex.cpp.o
[ 98%] Building CXX object tests/cpptests/CMakeFiles/rstest.dir/test_cpp_thpool.cpp.o
[ 98%] Building CXX object tests/cpptests/CMakeFiles/rstest.dir/test_cpp_tokenizer.cpp.o
[ 98%] Building CXX object tests/cpptests/CMakeFiles/rstest.dir/test_cpp_trie.cpp.o
[ 98%] Building CXX object tests/cpptests/CMakeFiles/rstest.dir/test_cpp_unicode_tolower.cpp.o
[ 99%] Building CXX object tests/cpptests/CMakeFiles/rstest.dir/test_cpp_utils.cpp.o
[ 99%] Building CXX object tests/cpptests/CMakeFiles/rstest.dir/test_cpp_value.cpp.o
[ 99%] Building CXX object tests/cpptests/CMakeFiles/rstest.dir/test_cpp_workers_admin_jobs.cpp.o
[ 99%] Building CXX object tests/cpptests/CMakeFiles/rstest.dir/common.cpp.o
[ 99%] Building CXX object tests/cpptests/CMakeFiles/rstest.dir/index_utils.cpp.o
[ 99%] Building CXX object tests/cpptests/CMakeFiles/rstest.dir/llapi_test_helpers.cpp.o
[100%] Building CXX object tests/cpptests/CMakeFiles/rstest.dir/iterator_util.cpp.o
[100%] Building CXX object tests/cpptests/CMakeFiles/rstest.dir/stacktrace.cpp.o
[100%] Linking CXX executable rstest
[100%] Built target rstest
Building ext-example for unit tests...
Built target example_extension
Example extension located at: /work/modules/redisearch/src/bin/linux-aarch64-release/search-community/example_extension/libexample_extension.so
Build complete. Artifacts in /work/modules/redisearch/src/bin/linux-aarch64-release/search-community
Running unit tests...
Calling /work/modules/redisearch/src/sbin/unit-tests

-------------------------------------------------------------------------------
# Running C unit tests:
Running test: test_array (log: /work/modules/redisearch/src/tests/logs/test_array.log) ... PASS
Running test: test_trie (log: /work/modules/redisearch/src/tests/logs/test_trie.log) ... PASS
Running test: test_synonym_map (log: /work/modules/redisearch/src/tests/logs/test_synonym_map.log) ... PASS
Running test: test_wildcard (log: /work/modules/redisearch/src/tests/logs/test_wildcard.log) ... PASS
Running test: test_blkalloc (log: /work/modules/redisearch/src/tests/logs/test_blkalloc.log) ... PASS
Running test: test_khtable (log: /work/modules/redisearch/src/tests/logs/test_khtable.log) ... PASS
Running test: test_stemmer (log: /work/modules/redisearch/src/tests/logs/test_stemmer.log) ... PASS
Running test: test_stopwords (log: /work/modules/redisearch/src/tests/logs/test_stopwords.log) ... PASS
Running test: test_obfuscation (log: /work/modules/redisearch/src/tests/logs/test_obfuscation.log) ... PASS
Running test: test_asm_state_machine (log: /work/modules/redisearch/src/tests/logs/test_asm_state_machine.log) ... PASS
Running test: test_error_parsing (log: /work/modules/redisearch/src/tests/logs/test_error_parsing.log) ... PASS
Running test: test_cntokenize (log: /work/modules/redisearch/src/tests/logs/test_cntokenize.log) ... PASS
Running test: test_quantile (log: /work/modules/redisearch/src/tests/logs/test_quantile.log) ... PASS
Running test: test_summarize (log: /work/modules/redisearch/src/tests/logs/test_summarize.log) ... PASS
Running test: test_vector_index_stats (log: /work/modules/redisearch/src/tests/logs/test_vector_index_stats.log) ... PASS

-------------------------------------------------------------------------------
# Running C++ unit tests:
Running all C++ tests via ctest (log: /work/modules/redisearch/src/tests/logs/rstest.log)
Internal ctest changing into directory: /work/modules/redisearch/src/bin/linux-aarch64-release/search-community/tests/cpptests
Test project /work/modules/redisearch/src/bin/linux-aarch64-release/search-community/tests/cpptests
        Start   1: AggTest.testGroupBy
        Start   2: AggTest.testGroupSplit
        Start   3: AggTest.AvoidingCompleteResultStructOpt
        Start   4: AREQTest.testBinarySlotRangeParsingSingleRange
  1/796 Test   #3: AggTest.AvoidingCompleteResultStructOpt .................................................................................................................................................................................................................................   Passed    0.00 sec
        Start   5: AREQTest.testBinarySlotRangeInsufficientArgs
  2/796 Test   #4: AREQTest.testBinarySlotRangeParsingSingleRange ..........................................................................................................................................................................................................................   Passed    0.00 sec
        Start   6: AREQTest.testComplexAggregateWithCursorAndSlotRanges
  3/796 Test   #5: AREQTest.testBinarySlotRangeInsufficientArgs ............................................................................................................................................................................................................................   Passed    0.00 sec
        Start   7: ArgParserTest.BasicCreationAndDestruction
  4/796 Test   #6: AREQTest.testComplexAggregateWithCursorAndSlotRanges ....................................................................................................................................................................................................................   Passed    0.00 sec
        Start   8: ArgParserTest.ParseBooleanFlag
  5/796 Test   #7: ArgParserTest.BasicCreationAndDestruction ...............................................................................................................................................................................................................................   Passed    0.00 sec
        Start   9: ArgParserTest.ParseLongInteger
  6/796 Test   #8: ArgParserTest.ParseBooleanFlag ..........................................................................................................................................................................................................................................   Passed    0.00 sec
        Start  10: ArgParserTest.ParseString
  7/796 Test   #9: ArgParserTest.ParseLongInteger ..........................................................................................................................................................................................................................................   Passed    0.00 sec
        Start  11: ArgParserTest.ParseSubArgs
  8/796 Test  #10: ArgParserTest.ParseString ...............................................................................................................................................................................................................................................   Passed    0.00 sec
        Start  12: ArgParserTest.MultipleArguments
  9/796 Test  #11: ArgParserTest.ParseSubArgs ..............................................................................................................................................................................................................................................   Passed    0.00 sec
        Start  13: ArgParserTest.RequiredArgumentMissing
 10/796 Test  #12: ArgParserTest.MultipleArguments .........................................................................................................................................................................................................................................   Passed    0.00 sec
        Start  14: ArgParserTest.ValidationFailure
 11/796 Test   #1: AggTest.testGroupBy .....................................................................................................................................................................................................................................................   Passed    0.03 sec
        Start  15: ArgParserTest.StrictModeUnknownArgument
 12/796 Test  #13: ArgParserTest.RequiredArgumentMissing ...................................................................................................................................................................................................................................   Passed    0.00 sec
        Start  16: ArgParserTest.DefaultValues
 13/796 Test  #14: ArgParserTest.ValidationFailure .........................................................................................................................................................................................................................................   Passed    0.00 sec
        Start  17: ArgParserTest.PositionalArguments
 14/796 Test  #15: ArgParserTest.StrictModeUnknownArgument .................................................................................................................................................................................................................................   Passed    0.00 sec
        Start  18: ArgParserTest.BitflagArguments
 15/796 Test  #16: ArgParserTest.DefaultValues .............................................................................................................................................................................................................................................   Passed    0.00 sec
        Start  19: ArgParserTest.CallbackExecution
 16/796 Test  #17: ArgParserTest.PositionalArguments .......................................................................................................................................................................................................................................   Passed    0.00 sec
        Start  20: ArgParserTest.CustomValidator
 17/796 Test  #18: ArgParserTest.BitflagArguments ..........................................................................................................................................................................................................................................   Passed    0.00 sec
        Start  21: ArgParserTest.CustomValidatorFailure
 18/796 Test  #19: ArgParserTest.CallbackExecution .........................................................................................................................................................................................................................................   Passed    0.00 sec
        Start  22: ArgParserTest.RepeatableArguments
 19/796 Test  #20: ArgParserTest.CustomValidator ...........................................................................................................................................................................................................................................   Passed    0.00 sec
        Start  23: ArgParserTest.ErrorReporting
 20/796 Test  #21: ArgParserTest.CustomValidatorFailure ....................................................................................................................................................................................................................................   Passed    0.00 sec
        Start  24: ArgParserTest.DoubleArgument
 21/796 Test  #22: ArgParserTest.RepeatableArguments .......................................................................................................................................................................................................................................   Passed    0.00 sec
        Start  25: ArgParserTest.IntegerArgument
 22/796 Test  #23: ArgParserTest.ErrorReporting ............................................................................................................................................................................................................................................   Passed    0.01 sec
        Start  26: ArgParserTest.UnsignedLongArgument
 23/796 Test  #24: ArgParserTest.DoubleArgument ............................................................................................................................................................................................................................................   Passed    0.00 sec
        Start  27: ArgParserTest.EmptyArguments
 24/796 Test  #25: ArgParserTest.IntegerArgument ...........................................................................................................................................................................................................................................   Passed    0.00 sec
        Start  28: ArgParserTest.AllowedValuesValid
 25/796 Test  #26: ArgParserTest.UnsignedLongArgument ......................................................................................................................................................................................................................................   Passed    0.01 sec
        Start  29: ArgParserTest.AllowedValuesInvalid
 26/796 Test  #27: ArgParserTest.EmptyArguments ............................................................................................................................................................................................................................................   Passed    0.00 sec
        Start  30: ArgParserTest.PositionalFirstBadSecondGood
 27/796 Test   #2: AggTest.testGroupSplit ..................................................................................................................................................................................................................................................   Passed    0.05 sec
        Start  31: ArgParserTest.PositionalFirstGoodSecondBad
 28/796 Test  #29: ArgParserTest.AllowedValuesInvalid ......................................................................................................................................................................................................................................   Passed    0.00 sec
        Start  32: ArgParserTest.PositionalBothBad
 29/796 Test  #28: ArgParserTest.AllowedValuesValid ........................................................................................................................................................................................................................................   Passed    0.01 sec
        Start  33: ArrTest.testStruct
 30/796 Test  #30: ArgParserTest.PositionalFirstBadSecondGood ..............................................................................................................................................................................................................................   Passed    0.00 sec
        Start  34: ArrTest.testScalar
 31/796 Test  #31: ArgParserTest.PositionalFirstGoodSecondBad ..............................................................................................................................................................................................................................   Passed    0.00 sec
        Start  35: ArrTest.testStrings
 32/796 Test  #32: ArgParserTest.PositionalBothBad .........................................................................................................................................................................................................................................   Passed    0.00 sec
        Start  36: ArrTest.testTrimm
 33/796 Test  #33: ArrTest.testStruct ......................................................................................................................................................................................................................................................   Passed    0.00 sec
        Start  37: ArrTest.testEnsure
 34/796 Test  #34: ArrTest.testScalar ......................................................................................................................................................................................................................................................   Passed    0.00 sec
        Start  38: ArrTest.testDelete
 35/796 Test  #35: ArrTest.testStrings .....................................................................................................................................................................................................................................................   Passed    0.00 sec
        Start  39: ArrTest.testArrayClearFunc
 36/796 Test  #36: ArrTest.testTrimm .......................................................................................................................................................................................................................................................   Passed    0.00 sec
        Start  40: ArrTest.testArrayEnsureAppendNFunc
 37/796 Test  #37: ArrTest.testEnsure ......................................................................................................................................................................................................................................................   Passed    0.00 sec
        Start  41: ArrTest.testArrayFunctionsCombined
 38/796 Test  #38: ArrTest.testDelete ......................................................................................................................................................................................................................................................   Passed    0.00 sec
        Start  42: ArrTest.testArrayLenFunc
 39/796 Test  #39: ArrTest.testArrayClearFunc ..............................................................................................................................................................................................................................................   Passed    0.01 sec
        Start  43: AsyncStateTest.testInitialState
 40/796 Test  #40: ArrTest.testArrayEnsureAppendNFunc ......................................................................................................................................................................................................................................   Passed    0.01 sec
        Start  44: AsyncStateTest.testEmptyToBuffered
 41/796 Test  #41: ArrTest.testArrayFunctionsCombined ......................................................................................................................................................................................................................................   Passed    0.01 sec
        Start  45: AsyncStateTest.testBufferedToPending
 42/796 Test  #42: ArrTest.testArrayLenFunc ................................................................................................................................................................................................................................................   Passed    0.00 sec
        Start  46: AsyncStateTest.testPendingToReady
 43/796 Test  #43: AsyncStateTest.testInitialState .........................................................................................................................................................................................................................................   Passed    0.00 sec
        Start  47: AsyncStateTest.testReadyToConsumed
 44/796 Test  #44: AsyncStateTest.testEmptyToBuffered ......................................................................................................................................................................................................................................   Passed    0.00 sec
        Start  48: AsyncStateTest.testFullLifecycle
 45/796 Test  #45: AsyncStateTest.testBufferedToPending ....................................................................................................................................................................................................................................   Passed    0.00 sec
        Start  49: AsyncStateTest.testFIFOOrdering
 46/796 Test  #46: AsyncStateTest.testPendingToReady .......................................................................................................................................................................................................................................   Passed    0.00 sec
        Start  50: AsyncStateTest.testPoolSizeLimit
 47/796 Test  #47: AsyncStateTest.testReadyToConsumed ......................................................................................................................................................................................................................................   Passed    0.00 sec
        Start  51: AsyncStateTest.testFailedReads
 48/796 Test  #48: AsyncStateTest.testFullLifecycle ........................................................................................................................................................................................................................................   Passed    0.00 sec
        Start  52: AsyncStateTest.testEmptyBufferOperations
 49/796 Test  #49: AsyncStateTest.testFIFOOrdering .........................................................................................................................................................................................................................................   Passed    0.00 sec
        Start  53: AsyncStateTest.testSingleResultLifecycle
 50/796 Test  #50: AsyncStateTest.testPoolSizeLimit ........................................................................................................................................................................................................................................   Passed    0.00 sec
        Start  54: AsyncStateTest.testStateInvariants
 51/796 Test  #51: AsyncStateTest.testFailedReads ..........................................................................................................................................................................................................................................   Passed    0.00 sec
        Start  55: AsyncStateTest.testInterleavedOperations
 52/796 Test  #52: AsyncStateTest.testEmptyBufferOperations ................................................................................................................................................................................................................................   Passed    0.01 sec
        Start  56: AsyncStateTest.testMaximumCapacity
 53/796 Test  #53: AsyncStateTest.testSingleResultLifecycle ................................................................................................................................................................................................................................   Passed    0.00 sec
        Start  57: CircularBufferTest.testEmpty
 54/796 Test  #54: AsyncStateTest.testStateInvariants ......................................................................................................................................................................................................................................   Passed    0.00 sec
        Start  58: CircularBufferTest.test_CircularBufferPopulation
 55/796 Test  #55: AsyncStateTest.testInterleavedOperations ................................................................................................................................................................................................................................   Passed    0.00 sec
        Start  59: CircularBufferTest.test_CircularBuffer_Circularity
 56/796 Test  #56: AsyncStateTest.testMaximumCapacity ......................................................................................................................................................................................................................................   Passed    0.00 sec
        Start  60: CircularBufferTest.test_CircularBuffer_free
 57/796 Test  #57: CircularBufferTest.testEmpty ............................................................................................................................................................................................................................................   Passed    0.01 sec
        Start  61: CircularBufferTest.test_CircularBuffer_Reserve
 58/796 Test  #58: CircularBufferTest.test_CircularBufferPopulation ........................................................................................................................................................................................................................   Passed    0.01 sec
        Start  62: CircularBufferTest.test_CircularBuffer_ResetReader
 59/796 Test  #59: CircularBufferTest.test_CircularBuffer_Circularity ......................................................................................................................................................................................................................   Passed    0.01 sec
        Start  63: CircularBufferTest.test_CircularBuffer_multiAdd
 60/796 Test  #60: CircularBufferTest.test_CircularBuffer_free .............................................................................................................................................................................................................................   Passed    0.00 sec
        Start  64: CircularBufferTest.test_CircularBuffer_multiReserve
 61/796 Test  #61: CircularBufferTest.test_CircularBuffer_Reserve ..........................................................................................................................................................................................................................   Passed    0.00 sec
        Start  65: ClusterTest.SchemaPropagation
 62/796 Test  #62: CircularBufferTest.test_CircularBuffer_ResetReader ......................................................................................................................................................................................................................   Passed    0.00 sec
        Start  66: ClusterTest.DictionaryPropagation
 63/796 Test  #64: CircularBufferTest.test_CircularBuffer_multiReserve .....................................................................................................................................................................................................................   Passed    0.00 sec
        Start  67: CollectParserTest.FieldsLoadAll
 64/796 Test  #63: CircularBufferTest.test_CircularBuffer_multiAdd .........................................................................................................................................................................................................................   Passed    0.01 sec
        Start  68: CollectParserTest.FieldsWithCount
 65/796 Test  #66: ClusterTest.DictionaryPropagation .......................................................................................................................................................................................................................................   Passed    0.00 sec
        Start  69: CollectParserTest.FieldsLoadAllWithSortBy
 66/796 Test  #65: ClusterTest.SchemaPropagation ...........................................................................................................................................................................................................................................   Passed    0.01 sec
        Start  70: CollectParserTest.LocalLoadAllAccepted
 67/796 Test  #67: CollectParserTest.FieldsLoadAll .........................................................................................................................................................................................................................................   Passed    0.01 sec
        Start  71: CollectParserTest.FieldsAndSortBy
 68/796 Test  #68: CollectParserTest.FieldsWithCount .......................................................................................................................................................................................................................................   Passed    0.00 sec
        Start  72: CollectParserTest.LocalFieldsUsePlannerInputKey
 69/796 Test  #69: CollectParserTest.FieldsLoadAllWithSortBy ...............................................................................................................................................................................................................................   Passed    0.01 sec
        Start  73: CollectParserTest.FieldsSortByAndLimit
 70/796 Test  #71: CollectParserTest.FieldsAndSortBy .......................................................................................................................................................................................................................................   Passed    0.00 sec
        Start  74: CollectParserTest.FieldsAndLimitWithoutSortBy
 71/796 Test  #70: CollectParserTest.LocalLoadAllAccepted ..................................................................................................................................................................................................................................   Passed    0.01 sec
        Start  75: CollectParserTest.LimitBeforeSortByIsValid
 72/796 Test  #72: CollectParserTest.LocalFieldsUsePlannerInputKey .........................................................................................................................................................................................................................   Passed    0.01 sec
        Start  76: CollectParserTest.MultipleSortKeysWithDirections
 73/796 Test  #73: CollectParserTest.FieldsSortByAndLimit ..................................................................................................................................................................................................................................   Passed    0.01 sec
        Start  77: CollectParserTest.SortByDefaultsToAscending
 74/796 Test  #75: CollectParserTest.LimitBeforeSortByIsValid ..............................................................................................................................................................................................................................   Passed    0.00 sec
        Start  78: CollectParserTest.SortByConsecutiveFieldsDefaultAsc
 75/796 Test  #74: CollectParserTest.FieldsAndLimitWithoutSortBy ...........................................................................................................................................................................................................................   Passed    0.01 sec
        Start  79: CollectParserTest.SortByMixedConsecutiveFieldsAndDirections
 76/796 Test  #76: CollectParserTest.MultipleSortKeysWithDirections ........................................................................................................................................................................................................................   Passed    0.01 sec
        Start  80: CollectParserTest.SortByMaxFields
 77/796 Test  #77: CollectParserTest.SortByDefaultsToAscending .............................................................................................................................................................................................................................   Passed    0.01 sec
        Start  81: CollectParserTest.LimitZeroOffset
 78/796 Test  #78: CollectParserTest.SortByConsecutiveFieldsDefaultAsc .....................................................................................................................................................................................................................   Passed    0.01 sec
        Start  82: CollectParserTest.JsonPathField
 79/796 Test  #79: CollectParserTest.SortByMixedConsecutiveFieldsAndDirections .............................................................................................................................................................................................................   Passed    0.01 sec
        Start  83: CollectParserTest.SortByJsonPathAccepted
 80/796 Test  #80: CollectParserTest.SortByMaxFields .......................................................................................................................................................................................................................................   Passed    0.00 sec
        Start  84: CollectParserTest.LocalSortByJsonPathAccepted
 81/796 Test  #81: CollectParserTest.LimitZeroOffset .......................................................................................................................................................................................................................................   Passed    0.01 sec
        Start  85: CollectParserTest.SortByJsonPathRejected
 82/796 Test  #82: CollectParserTest.JsonPathField .........................................................................................................................................................................................................................................   Passed    0.01 sec
        Start  86: CollectParserTest.EmptyArgs
 83/796 Test  #83: CollectParserTest.SortByJsonPathAccepted ................................................................................................................................................................................................................................   Passed    0.00 sec
        Start  87: CollectParserTest.MissingFieldsRequired
 84/796 Test  #84: CollectParserTest.LocalSortByJsonPathAccepted ...........................................................................................................................................................................................................................   Passed    0.00 sec
        Start  88: CollectParserTest.FieldsMustBeFirstParam
 85/796 Test  #85: CollectParserTest.SortByJsonPathRejected ................................................................................................................................................................................................................................   Passed    0.00 sec
        Start  89: CollectParserTest.FieldWithoutAtPrefix
 86/796 Test  #86: CollectParserTest.EmptyArgs .............................................................................................................................................................................................................................................   Passed    0.00 sec
        Start  90: CollectParserTest.LocalFieldWithoutAtPrefix
 87/796 Test  #87: CollectParserTest.MissingFieldsRequired .................................................................................................................................................................................................................................   Passed    0.01 sec
        Start  91: CollectParserTest.FieldWithoutAtPrefixRejectedAtParseEvenWhenCallerNotStrict
 88/796 Test  #88: CollectParserTest.FieldsMustBeFirstParam ................................................................................................................................................................................................................................   Passed    0.00 sec
        Start  92: CollectParserTest.FieldEmptyAfterAt
 89/796 Test  #89: CollectParserTest.FieldWithoutAtPrefix ..................................................................................................................................................................................................................................   Passed    0.01 sec
        Start  93: CollectParserTest.FieldNotInPipeline
 90/796 Test  #90: CollectParserTest.LocalFieldWithoutAtPrefix .............................................................................................................................................................................................................................   Passed    0.00 sec
        Start  94: CollectParserTest.FieldsSecondFieldNotInPipeline
 91/796 Test  #91: CollectParserTest.FieldWithoutAtPrefixRejectedAtParseEvenWhenCallerNotStrict ............................................................................................................................................................................................   Passed    0.00 sec
        Start  95: CollectParserTest.FieldsLoadAllWithCount
 92/796 Test  #92: CollectParserTest.FieldEmptyAfterAt .....................................................................................................................................................................................................................................   Passed    0.01 sec
        Start  96: CollectParserTest.FieldsLoadAllAmongFields
 93/796 Test  #93: CollectParserTest.FieldNotInPipeline ....................................................................................................................................................................................................................................   Passed    0.01 sec
        Start  97: CollectParserTest.FieldsLoadAllFollowedByField
 94/796 Test  #94: CollectParserTest.FieldsSecondFieldNotInPipeline ........................................................................................................................................................................................................................   Passed    0.00 sec
        Start  98: CollectParserTest.FieldsLoadAllFollowedByJsonPath
 95/796 Test  #95: CollectParserTest.FieldsLoadAllWithCount ................................................................................................................................................................................................................................   Passed    0.00 sec
        Start  99: CollectParserTest.FieldsLoadAllFollowedByAsterisk
 96/796 Test  #96: CollectParserTest.FieldsLoadAllAmongFields ..............................................................................................................................................................................................................................   Passed    0.00 sec
        Start 100: CollectParserTest.FieldsBareKeyword
 97/796 Test  #97: CollectParserTest.FieldsLoadAllFollowedByField ..........................................................................................................................................................................................................................   Passed    0.00 sec
        Start 101: CollectParserTest.FieldsNonNumericCount
 98/796 Test  #98: CollectParserTest.FieldsLoadAllFollowedByJsonPath .......................................................................................................................................................................................................................   Passed    0.00 sec
        Start 102: CollectParserTest.NotEnoughFieldNames
 99/796 Test  #99: CollectParserTest.FieldsLoadAllFollowedByAsterisk .......................................................................................................................................................................................................................   Passed    0.00 sec
        Start 103: CollectParserTest.UnknownSubcommand
100/796 Test #100: CollectParserTest.FieldsBareKeyword .....................................................................................................................................................................................................................................   Passed    0.00 sec
        Start 104: CollectParserTest.SortByFieldNotInPipeline
101/796 Test #101: CollectParserTest.FieldsNonNumericCount .................................................................................................................................................................................................................................   Passed    0.00 sec
        Start 105: CollectParserTest.SortByZeroCount
102/796 Test #102: CollectParserTest.NotEnoughFieldNames ...................................................................................................................................................................................................................................   Passed    0.00 sec
        Start 106: CollectParserTest.SortByFieldWithoutAtPrefix
103/796 Test #103: CollectParserTest.UnknownSubcommand .....................................................................................................................................................................................................................................   Passed    0.00 sec
        Start 107: CollectParserTest.SortByTooManyFields
104/796 Test #104: CollectParserTest.SortByFieldNotInPipeline ..............................................................................................................................................................................................................................   Passed    0.00 sec
        Start 108: CollectParserTest.SortByExceedsMaxTokens
105/796 Test #105: CollectParserTest.SortByZeroCount .......................................................................................................................................................................................................................................   Passed    0.00 sec
        Start 109: CollectParserTest.FieldsExceedsMax
106/796 Test #106: CollectParserTest.SortByFieldWithoutAtPrefix ............................................................................................................................................................................................................................   Passed    0.00 sec
        Start 110: CollectParserTest.SortByInvalidTokenBetweenFields
107/796 Test #107: CollectParserTest.SortByTooManyFields ...................................................................................................................................................................................................................................   Passed    0.00 sec
        Start 111: CollectParserTest.LimitNegativeOffset
108/796 Test #108: CollectParserTest.SortByExceedsMaxTokens ................................................................................................................................................................................................................................   Passed    0.00 sec
        Start 112: CollectParserTest.LimitNegativeCount
109/796 Test #109: CollectParserTest.FieldsExceedsMax ......................................................................................................................................................................................................................................   Passed    0.00 sec
        Start 113: CollectParserTest.LimitZeroCountWithNonZeroOffset
110/796 Test #110: CollectParserTest.SortByInvalidTokenBetweenFields .......................................................................................................................................................................................................................   Passed    0.01 sec
        Start 114: CollectParserTest.LimitZeroCountWithZeroOffset
111/796 Test #111: CollectParserTest.LimitNegativeOffset ...................................................................................................................................................................................................................................   Passed    0.01 sec
        Start 115: CollectParserTest.LimitNonNumericOffset
112/796 Test #112: CollectParserTest.LimitNegativeCount ....................................................................................................................................................................................................................................   Passed    0.00 sec
        Start 116: CollectParserTest.FieldsZeroCountRequiresAtLeastOne
113/796 Test #113: CollectParserTest.LimitZeroCountWithNonZeroOffset .......................................................................................................................................................................................................................   Passed    0.00 sec
        Start 117: CollectParserTest.SortByOnlyDirectionsNoFields
114/796 Test #114: CollectParserTest.LimitZeroCountWithZeroOffset ..........................................................................................................................................................................................................................   Passed    0.00 sec
        Start 118: CollectParserTest.SortByDescBeforeFirstSortField
115/796 Test #115: CollectParserTest.LimitNonNumericOffset .................................................................................................................................................................................................................................   Passed    0.00 sec
        Start 119: CollectParserTest.SortByDuplicateAscAfterField
116/796 Test #116: CollectParserTest.FieldsZeroCountRequiresAtLeastOne .....................................................................................................................................................................................................................   Passed    0.00 sec
        Start 120: CollectParserTest.LimitCountExceedsAggregateMax
117/796 Test #117: CollectParserTest.SortByOnlyDirectionsNoFields ..........................................................................................................................................................................................................................   Passed    0.01 sec
        Start 121: CollectParserTest.LimitOffsetExceedsAggregateMax
118/796 Test #118: CollectParserTest.SortByDescBeforeFirstSortField ........................................................................................................................................................................................................................   Passed    0.01 sec
        Start 122: TimeoutCapTest.NullPointer
119/796 Test #119: CollectParserTest.SortByDuplicateAscAfterField ..........................................................................................................................................................................................................................   Passed    0.01 sec
        Start 123: TimeoutCapTest.LimitDisabledByZero
120/796 Test #120: CollectParserTest.LimitCountExceedsAggregateMax .........................................................................................................................................................................................................................   Passed    0.01 sec
        Start 124: TimeoutCapTest.LimitDisabledByWorkersEnabled
121/796 Test #121: CollectParserTest.LimitOffsetExceedsAggregateMax ........................................................................................................................................................................................................................   Passed    0.00 sec
        Start 125: TimeoutCapTest.WithinBudgetNoCap
122/796 Test #122: TimeoutCapTest.NullPointer ..............................................................................................................................................................................................................................................   Passed    0.00 sec
        Start 126: TimeoutCapTest.EqualToLimitNoCap
123/796 Test #123: TimeoutCapTest.LimitDisabledByZero ......................................................................................................................................................................................................................................   Passed    0.00 sec
        Start 127: TimeoutCapTest.CapAppliedWhenAboveLimit
124/796 Test #124: TimeoutCapTest.LimitDisabledByWorkersEnabled ............................................................................................................................................................................................................................   Passed    0.00 sec
        Start 128: TimeoutCapTest.UnlimitedQueryTimeoutCappedToLimit
125/796 Test #125: TimeoutCapTest.WithinBudgetNoCap ........................................................................................................................................................................................................................................   Passed    0.00 sec
        Start 129: TimeoutCapTest.NegativeTimeoutCappedToLimit
126/796 Test #126: TimeoutCapTest.EqualToLimitNoCap ........................................................................................................................................................................................................................................   Passed    0.00 sec
        Start 130: TimeoutCapTest.MaxTimeoutCappedWarningString
127/796 Test #127: TimeoutCapTest.CapAppliedWhenAboveLimit .................................................................................................................................................................................................................................   Passed    0.00 sec
        Start 131: CursorsTest.BasicAPI
128/796 Test #128: TimeoutCapTest.UnlimitedQueryTimeoutCappedToLimit .......................................................................................................................................................................................................................   Passed    0.00 sec
        Start 132: CursorsTest.OwnershipAPI
129/796 Test #129: TimeoutCapTest.NegativeTimeoutCappedToLimit .............................................................................................................................................................................................................................   Passed    0.00 sec
        Start 133: DictPauseRehashTest.BasicPauseResume
130/796 Test #130: TimeoutCapTest.MaxTimeoutCappedWarningString ............................................................................................................................................................................................................................   Passed    0.00 sec
        Start 134: DictPauseRehashTest.MultiplePausesStack
131/796 Test #131: CursorsTest.BasicAPI ....................................................................................................................................................................................................................................................   Passed    0.00 sec
        Start 135: DictPauseRehashTest.RehashBlockedWhenPaused
132/796 Test #132: CursorsTest.OwnershipAPI ................................................................................................................................................................................................................................................   Passed    0.00 sec
        Start 136: DictPauseRehashTest.ConcurrentPauseResume
133/796 Test #133: DictPauseRehashTest.BasicPauseResume ....................................................................................................................................................................................................................................   Passed    0.01 sec
        Start 137: DictPauseRehashTest.ConcurrentFindWithPause
134/796 Test #134: DictPauseRehashTest.MultiplePausesStack .................................................................................................................................................................................................................................   Passed    0.01 sec
        Start 138: DocIdMetaTest.TestSetAndGetDocId
135/796 Test #135: DictPauseRehashTest.RehashBlockedWhenPaused .............................................................................................................................................................................................................................   Passed    0.01 sec
        Start 139: DocIdMetaTest.TestGetNonExistentDocId
136/796 Test #136: DictPauseRehashTest.ConcurrentPauseResume ...............................................................................................................................................................................................................................   Passed    0.01 sec
        Start 140: DocIdMetaTest.TestSetMultipleDocIds
137/796 Test #138: DocIdMetaTest.TestSetAndGetDocId ........................................................................................................................................................................................................................................   Passed    0.00 sec
        Start 141: DocIdMetaTest.TestOverwriteDocId
138/796 Test #137: DictPauseRehashTest.ConcurrentFindWithPause .............................................................................................................................................................................................................................   Passed    0.01 sec
        Start 142: DocIdMetaTest.TestDeleteDocId
139/796 Test #139: DocIdMetaTest.TestGetNonExistentDocId ...................................................................................................................................................................................................................................   Passed    0.01 sec
        Start 143: DocIdMetaTest.TestDeleteNonExistentDocId
140/796 Test #140: DocIdMetaTest.TestSetMultipleDocIds .....................................................................................................................................................................................................................................   Passed    0.01 sec
        Start 144: DocIdMetaTest.TestDeleteOnlyRemovesRequestedSpec
141/796 Test #141: DocIdMetaTest.TestOverwriteDocId ........................................................................................................................................................................................................................................   Passed    0.01 sec
        Start 145: DocIdMetaTest.TestSetAfterDeleteRecreatesEntry
142/796 Test #142: DocIdMetaTest.TestDeleteDocId ...........................................................................................................................................................................................................................................   Passed    0.01 sec
        Start 146: DocIdMetaTest.TestMultipleKeys
143/796 Test #143: DocIdMetaTest.TestDeleteNonExistentDocId ................................................................................................................................................................................................................................   Passed    0.00 sec
        Start 147: DocIdMetaTest.TestEdgeCases
144/796 Test #144: DocIdMetaTest.TestDeleteOnlyRemovesRequestedSpec ........................................................................................................................................................................................................................   Passed    0.01 sec
        Start 148: DocIdMetaTest.TestDeleteAndReget
145/796 Test #145: DocIdMetaTest.TestSetAfterDeleteRecreatesEntry ..........................................................................................................................................................................................................................   Passed    0.01 sec
        Start 149: DocIdMetaTest.TestBasicSetup
146/796 Test #146: DocIdMetaTest.TestMultipleKeys ..........................................................................................................................................................................................................................................   Passed    0.01 sec
        Start 150: DocIdMetaTest.TestBasicRdbSaveLoad
147/796 Test #147: DocIdMetaTest.TestEdgeCases .............................................................................................................................................................................................................................................   Passed    0.01 sec
        Start 151: DocIdMetaTest.TestEmptyMetaRdbSaveLoad
148/796 Test #148: DocIdMetaTest.TestDeleteAndReget ........................................................................................................................................................................................................................................   Passed    0.00 sec
        Start 152: DocIdMetaTest.TestMultipleSpecsRdbSaveLoad
149/796 Test #149: DocIdMetaTest.TestBasicSetup ............................................................................................................................................................................................................................................   Passed    0.00 sec
        Start 153: DocIdMetaTest.TestMaxValueRdbSaveLoad
150/796 Test #150: DocIdMetaTest.TestBasicRdbSaveLoad ......................................................................................................................................................................................................................................   Passed    0.00 sec
        Start 154: DocIdMetaTest.TestSingleElementRdbSaveLoad
151/796 Test #151: DocIdMetaTest.TestEmptyMetaRdbSaveLoad ..................................................................................................................................................................................................................................   Passed    0.00 sec
        Start 155: DocIdMetaTest.TestRdbLoadSkipsRemovedSpecEntries
152/796 Test #152: DocIdMetaTest.TestMultipleSpecsRdbSaveLoad ..............................................................................................................................................................................................................................   Passed    0.00 sec
        Start 156: DocIdMetaTest.TestRdbSaveSkipsRemovedSpecEntries
153/796 Test #153: DocIdMetaTest.TestMaxValueRdbSaveLoad ...................................................................................................................................................................................................................................   Passed    0.00 sec
        Start 157: DocIdMetaTest.TestRdbSaveAllRemoved_SavesNothing
154/796 Test #154: DocIdMetaTest.TestSingleElementRdbSaveLoad ..............................................................................................................................................................................................................................   Passed    0.00 sec
        Start 158: DocIdMetaTest.TestRdbSaveSkipsDeletedEntries
155/796 Test #155: DocIdMetaTest.TestRdbLoadSkipsRemovedSpecEntries ........................................................................................................................................................................................................................   Passed    0.01 sec
        Start 159: DocIdMetaTest.TestRdbLoadDuringPersistenceConsumesBytesAndSkips
156/796 Test #156: DocIdMetaTest.TestRdbSaveSkipsRemovedSpecEntries ........................................................................................................................................................................................................................   Passed    0.01 sec
        Start 160: DocIdMetaTest.TestUnlinkWithEmptyMeta
157/796 Test #157: DocIdMetaTest.TestRdbSaveAllRemoved_SavesNothing ........................................................................................................................................................................................................................   Passed    0.01 sec
        Start 161: DocIdMetaTest.TestUnlinkInvalidatesEntries
158/796 Test #158: DocIdMetaTest.TestRdbSaveSkipsDeletedEntries ............................................................................................................................................................................................................................   Passed    0.01 sec
        Start 162: DocIdMetaTest.TestUnlinkSkipsDeletedEntries
159/796 Test #159: DocIdMetaTest.TestRdbLoadDuringPersistenceConsumesBytesAndSkips .........................................................................................................................................................................................................   Passed    0.01 sec
        Start 163: DocumentTest.testClear
160/796 Test #160: DocIdMetaTest.TestUnlinkWithEmptyMeta ...................................................................................................................................................................................................................................   Passed    0.01 sec
        Start 164: DocumentTest.testLoadAll
161/796 Test #161: DocIdMetaTest.TestUnlinkInvalidatesEntries ..............................................................................................................................................................................................................................   Passed    0.00 sec
        Start 165: ExprTest.testExpr
162/796 Test #162: DocIdMetaTest.TestUnlinkSkipsDeletedEntries .............................................................................................................................................................................................................................   Passed    0.00 sec
        Start 166: ExprTest.testDump
163/796 Test #163: DocumentTest.testClear ..................................................................................................................................................................................................................................................   Passed    0.01 sec
        Start 167: ExprTest.testArithmetics
164/796 Test #164: DocumentTest.testLoadAll ................................................................................................................................................................................................................................................   Passed    0.00 sec
        Start 168: ExprTest.testParser
165/796 Test #165: ExprTest.testExpr .......................................................................................................................................................................................................................................................   Passed    0.00 sec
        Start 169: ExprTest.testGetFields
166/796 Test #166: ExprTest.testDump .......................................................................................................................................................................................................................................................   Passed    0.00 sec
        Start 170: ExprTest.testFunction
167/796 Test #167: ExprTest.testArithmetics ................................................................................................................................................................................................................................................   Passed    0.00 sec
        Start 171: ExprTest.testPredicate
168/796 Test #168: ExprTest.testParser .....................................................................................................................................................................................................................................................   Passed    0.00 sec
        Start 172: ExprTest.testNull
169/796 Test #169: ExprTest.testGetFields ..................................................................................................................................................................................................................................................   Passed    0.00 sec
        Start 173: ExprTest.testPropertyFetch
170/796 Test #170: ExprTest.testFunction ...................................................................................................................................................................................................................................................   Passed    0.00 sec
        Start 174: ExprTest.testEvalFuncCase
171/796 Test #171: ExprTest.testPredicate ..................................................................................................................................................................................................................................................   Passed    0.00 sec
        Start 175: ExprTest.testEvalFuncCaseWithComparisons
172/796 Test #172: ExprTest.testNull .......................................................................................................................................................................................................................................................   Passed    0.00 sec
        Start 176: ExprTest.testEvalFuncCaseWithExists
173/796 Test #173: ExprTest.testPropertyFetch ..............................................................................................................................................................................................................................................   Passed    0.00 sec
        Start 177: ExprTest.testEvalFuncCaseNested
174/796 Test #174: ExprTest.testEvalFuncCase ...............................................................................................................................................................................................................................................   Passed    0.01 sec
        Start 178: ExprTest.testEvalFuncCaseWithNullValues
175/796 Test #175: ExprTest.testEvalFuncCaseWithComparisons ................................................................................................................................................................................................................................   Passed    0.00 sec
        Start 179: ExprTest.testEvalFuncCaseErrorConditions
176/796 Test #176: ExprTest.testEvalFuncCaseWithExists .....................................................................................................................................................................................................................................   Passed    0.00 sec
        Start 180: ExprTest.testEvalFuncCaseShortCircuitEvaluation
177/796 Test #177: ExprTest.testEvalFuncCaseNested .........................................................................................................................................................................................................................................   Passed    0.01 sec
        Start 181: ExprTest.testEvalFuncCaseWithDifferentTypes
178/796 Test #178: ExprTest.testEvalFuncCaseWithNullValues .................................................................................................................................................................................................................................   Passed    0.00 sec
        Start 182: ExprTest.testEvalFuncCaseNullComparison
179/796 Test #179: ExprTest.testEvalFuncCaseErrorConditions ................................................................................................................................................................................................................................   Passed    0.00 sec
        Start 183: ExprTest.testEvalFuncCaseWithDifferentTypeComparison
180/796 Test #180: ExprTest.testEvalFuncCaseShortCircuitEvaluation .........................................................................................................................................................................................................................   Passed    0.01 sec
        Start 184: ExprTest.testEvalCtxEvalExprNullExpr
181/796 Test #181: ExprTest.testEvalFuncCaseWithDifferentTypes .............................................................................................................................................................................................................................   Passed    0.00 sec
        Start 185: ExprTest.testEvalCtxEvalExprUnknownProperty
182/796 Test #182: ExprTest.testEvalFuncCaseNullComparison .................................................................................................................................................................................................................................   Passed    0.00 sec
        Start 186: ExprTest.testAndExpressionWithMissingFields
183/796 Test #183: ExprTest.testEvalFuncCaseWithDifferentTypeComparison ....................................................................................................................................................................................................................   Passed    0.00 sec
        Start 187: ExprTest.testOrExpressionWithMissingFields
184/796 Test #184: ExprTest.testEvalCtxEvalExprNullExpr ....................................................................................................................................................................................................................................   Passed    0.00 sec
        Start 188: ExprTest.testPredicateTypeMismatchReturnsError
185/796 Test #185: ExprTest.testEvalCtxEvalExprUnknownProperty .............................................................................................................................................................................................................................   Passed    0.00 sec
        Start 189: ExtTest.testRegistration
186/796 Test #186: ExprTest.testAndExpressionWithMissingFields .............................................................................................................................................................................................................................   Passed    0.00 sec
        Start 190: ExtTest.testDynamicLoading
187/796 Test #187: ExprTest.testOrExpressionWithMissingFields ..............................................................................................................................................................................................................................   Passed    0.00 sec
        Start 191: ExtTest.testQueryExpander_v1
188/796 Test #188: ExprTest.testPredicateTypeMismatchReturnsError ..........................................................................................................................................................................................................................   Passed    0.00 sec
        Start 192: ExtTest.testQueryExpander_v2
189/796 Test #189: ExtTest.testRegistration ................................................................................................................................................................................................................................................   Passed    0.00 sec
        Start 193: FGCTestNumeric.testNumeric
190/796 Test #190: ExtTest.testDynamicLoading ..............................................................................................................................................................................................................................................   Passed    0.01 sec
        Start 194: FGCTestNumeric.testNumericBlocksSinceFork
191/796 Test #191: ExtTest.testQueryExpander_v1 ............................................................................................................................................................................................................................................   Passed    0.01 sec
        Start 195: FGCTestTag.testRemoveEntryFromLastBlock
192/796 Test #192: ExtTest.testQueryExpander_v2 ............................................................................................................................................................................................................................................   Passed    0.00 sec
        Start 196: FGCTestTag.testRemoveLastBlockWhileUpdate
193/796 Test #195: FGCTestTag.testRemoveEntryFromLastBlock .................................................................................................................................................................................................................................   Passed    0.01 sec
        Start 197: FGCTestTag.testModifyLastBlockWhileAddingNewBlocks
194/796 Test #193: FGCTestNumeric.testNumeric ..............................................................................................................................................................................................................................................   Passed    0.01 sec
        Start 198: FGCTestTag.testRemoveAllBlocksWhileUpdateLast
195/796 Test #196: FGCTestTag.testRemoveLastBlockWhileUpdate ...............................................................................................................................................................................................................................   Passed    0.01 sec
        Start 199: FGCTestTag.testRepairLastBlockWhileRemovingMiddle
196/796 Test #194: FGCTestNumeric.testNumericBlocksSinceFork ...............................................................................................................................................................................................................................   Passed    0.01 sec
        Start 200: FGCTestTag.testRepairLastBlock
197/796 Test #197: FGCTestTag.testModifyLastBlockWhileAddingNewBlocks ......................................................................................................................................................................................................................   Passed    0.01 sec
        Start 201: FGCTestTag.testRepairMiddleRemoveLast
198/796 Test #198: FGCTestTag.testRemoveAllBlocksWhileUpdateLast ...........................................................................................................................................................................................................................   Passed    0.01 sec
        Start 202: FGCTestTag.testRemoveMiddleBlock
199/796 Test #200: FGCTestTag.testRepairLastBlock ..........................................................................................................................................................................................................................................   Passed    0.01 sec
        Start 203: FGCTestTag.testDeleteDuringGCCleanup
200/796 Test #199: FGCTestTag.testRepairLastBlockWhileRemovingMiddle .......................................................................................................................................................................................................................   Passed    0.01 sec
        Start 204: FGCTestTag.testPipeErrorDuringGC
201/796 Test #201: FGCTestTag.testRepairMiddleRemoveLast ...................................................................................................................................................................................................................................   Passed    0.01 sec
        Start 205: FGCTestTag.testPipeErrorDuringApply
202/796 Test #203: FGCTestTag.testDeleteDuringGCCleanup ....................................................................................................................................................................................................................................   Passed    0.01 sec
        Start 206: HashTest.testSha1Hash
203/796 Test #204: FGCTestTag.testPipeErrorDuringGC ........................................................................................................................................................................................................................................   Passed    0.01 sec
        Start 207: HiddenTest.testHiddenOwnership
204/796 Test #202: FGCTestTag.testRemoveMiddleBlock ........................................................................................................................................................................................................................................   Passed    0.01 sec
        Start 208: HiddenTest.testHiddenCompare
205/796 Test #206: HashTest.testSha1Hash ...................................................................................................................................................................................................................................................   Passed    0.00 sec
        Start 209: HiddenTest.testHiddenUnicodeCompare
206/796 Test #207: HiddenTest.testHiddenOwnership ..........................................................................................................................................................................................................................................   Passed    0.00 sec
        Start 210: HiddenTest.testHiddenDuplicate
207/796 Test #208: HiddenTest.testHiddenCompare ............................................................................................................................................................................................................................................   Passed    0.00 sec
        Start 211: HiddenTest.testHiddenClone
208/796 Test #209: HiddenTest.testHiddenUnicodeCompare .....................................................................................................................................................................................................................................   Passed    0.00 sec
        Start 212: HiddenTest.testHiddenCreateString
209/796 Test #210: HiddenTest.testHiddenDuplicate ..........................................................................................................................................................................................................................................   Passed    0.01 sec
        Start 213: HiddenTest.testHiddenDropFromKeySpace
210/796 Test #211: HiddenTest.testHiddenClone ..............................................................................................................................................................................................................................................   Passed    0.01 sec
        Start 214: HybridRequestBasicTest.testHybridRequestCreationBasic
211/796 Test #212: HiddenTest.testHiddenCreateString .......................................................................................................................................................................................................................................   Passed    0.01 sec
        Start 215: HybridDefaultsTest.testDefaultValues
212/796 Test #213: HiddenTest.testHiddenDropFromKeySpace ...................................................................................................................................................................................................................................   Passed    0.01 sec
        Start 216: HybridDefaultsTest.testLimitFallbackBoth
213/796 Test #214: HybridRequestBasicTest.testHybridRequestCreationBasic ...................................................................................................................................................................................................................   Passed    0.01 sec
        Start 217: HybridDefaultsTest.testLimitFallbackKOnly
214/796 Test #215: HybridDefaultsTest.testDefaultValues ....................................................................................................................................................................................................................................   Passed    0.01 sec
        Start 218: HybridDefaultsTest.testLimitFallbackWindowOnly
215/796 Test #216: HybridDefaultsTest.testLimitFallbackBoth ................................................................................................................................................................................................................................   Passed    0.00 sec
        Start 219: HybridDefaultsTest.testExplicitOverridesLimit
216/796 Test #217: HybridDefaultsTest.testLimitFallbackKOnly ...............................................................................................................................................................................................................................   Passed    0.00 sec
        Start 220: HybridDefaultsTest.testLargeLimitFallback
217/796 Test #218: HybridDefaultsTest.testLimitFallbackWindowOnly ..........................................................................................................................................................................................................................   Passed    0.00 sec
        Start 221: HybridDefaultsTest.testFlagTrackingImplicitBoth
218/796 Test #219: HybridDefaultsTest.testExplicitOverridesLimit ...........................................................................................................................................................................................................................   Passed    0.00 sec
        Start 222: HybridDefaultsTest.testFlagTrackingExplicitK
219/796 Test #220: HybridDefaultsTest.testLargeLimitFallback ...............................................................................................................................................................................................................................   Passed    0.01 sec
        Start 223: HybridDefaultsTest.testFlagTrackingExplicitWindow
220/796 Test #221: HybridDefaultsTest.testFlagTrackingImplicitBoth .........................................................................................................................................................................................................................   Passed    0.00 sec
        Start 224: HybridDefaultsTest.testFlagTrackingExplicitBoth
221/796 Test #222: HybridDefaultsTest.testFlagTrackingExplicitK ............................................................................................................................................................................................................................   Passed    0.00 sec
        Start 225: HybridDefaultsTest.testLinearDefaults
222/796 Test #223: HybridDefaultsTest.testFlagTrackingExplicitWindow .......................................................................................................................................................................................................................   Passed    0.00 sec
        Start 226: HybridDefaultsTest.testKCappedAtExplicitWindow
223/796 Test #224: HybridDefaultsTest.testFlagTrackingExplicitBoth .........................................................................................................................................................................................................................   Passed    0.00 sec
        Start 227: HybridDefaultsTest.testKFromLimitCappedAtExplicitWindow
224/796 Test #225: HybridDefaultsTest.testLinearDefaults ...................................................................................................................................................................................................................................   Passed    0.00 sec
        Start 228: HybridDefaultsTest.testLinearScoringKWindowConstraint
225/796 Test #226: HybridDefaultsTest.testKCappedAtExplicitWindow ..........................................................................................................................................................................................................................   Passed    0.00 sec
        Start 229: HybridDefaultsTest.testKAlreadyWithinWindow
226/796 Test #227: HybridDefaultsTest.testKFromLimitCappedAtExplicitWindow .................................................................................................................................................................................................................   Passed    0.00 sec
        Start 230: HybridDefaultsTest.testLinearExplicitWindow
227/796 Test #228: HybridDefaultsTest.testLinearScoringKWindowConstraint ...................................................................................................................................................................................................................   Passed    0.00 sec
        Start 231: HybridDefaultsTest.testLinearWindowDefaults
228/796 Test #229: HybridDefaultsTest.testKAlreadyWithinWindow .............................................................................................................................................................................................................................   Passed    0.00 sec
        Start 232: HybridDefaultsTest.testLinearWindowLimitFallback
229/796 Test #230: HybridDefaultsTest.testLinearExplicitWindow .............................................................................................................................................................................................................................   Passed    0.00 sec
        Start 233: HybridDefaultsTest.testLinearExplicitWindowOverridesLimit
230/796 Test #231: HybridDefaultsTest.testLinearWindowDefaults .............................................................................................................................................................................................................................   Passed    0.00 sec
        Start 234: HybridReaderDiskTest.BasicTopK
231/796 Test #232: HybridDefaultsTest.testLinearWindowLimitFallback ........................................................................................................................................................................................................................   Passed    0.01 sec
        Start 235: HybridReaderDiskTest.NaNFiltering
232/796 Test #234: HybridReaderDiskTest.BasicTopK ..........................................................................................................................................................................................................................................   Passed    0.00 sec
        Start 236: HybridReaderDiskTest.RerankingUpdatesScores
233/796 Test #233: HybridDefaultsTest.testLinearExplicitWindowOverridesLimit ...............................................................................................................................................................................................................   Passed    0.01 sec
        Start 237: HybridReaderDiskTest.TimeoutReturnsTimedOut
234/796 Test #235: HybridReaderDiskTest.NaNFiltering .......................................................................................................................................................................................................................................   Passed    0.00 sec
        Start 238: HybridReaderDiskTest.PinsUnderfillKWhenFieldsExpired
235/796 Test #236: HybridReaderDiskTest.RerankingUpdatesScores .............................................................................................................................................................................................................................   Passed    0.00 sec
        Start 239: HybridReaderDiskTest.FillsKWhenNoExpiry
236/796 Test #237: HybridReaderDiskTest.TimeoutReturnsTimedOut .............................................................................................................................................................................................................................   Passed    0.00 sec
        Start 240: HybridMergerTest.testHybridMergerSameDocs
237/796 Test #238: HybridReaderDiskTest.PinsUnderfillKWhenFieldsExpired ....................................................................................................................................................................................................................   Passed    0.00 sec
        Start 241: HybridMergerTest.testHybridMergerDifferentDocuments
238/796 Test #239: HybridReaderDiskTest.FillsKWhenNoExpiry .................................................................................................................................................................................................................................   Passed    0.01 sec
        Start 242: HybridMergerTest.testHybridMergerEmptyUpstream1
239/796 Test #240: HybridMergerTest.testHybridMergerSameDocs ...............................................................................................................................................................................................................................   Passed    0.01 sec
        Start 243: HybridMergerTest.testHybridMergerEmptyUpstream2
240/796 Test #241: HybridMergerTest.testHybridMergerDifferentDocuments .....................................................................................................................................................................................................................   Passed    0.01 sec
        Start 244: HybridMergerTest.testHybridMergerBothEmpty
241/796 Test #242: HybridMergerTest.testHybridMergerEmptyUpstream1 .........................................................................................................................................................................................................................   Passed    0.01 sec
        Start 245: HybridMergerTest.testRRFScoringSmallWindow
242/796 Test #243: HybridMergerTest.testHybridMergerEmptyUpstream2 .........................................................................................................................................................................................................................   Passed    0.01 sec
        Start 246: HybridMergerTest.testHybridMergerLargeWindow
243/796 Test #244: HybridMergerTest.testHybridMergerBothEmpty ..............................................................................................................................................................................................................................   Passed    0.00 sec
        Start 247: HybridMergerTest.testHybridMergerUpstream1DepletesMore
244/796 Test #245: HybridMergerTest.testRRFScoringSmallWindow ..............................................................................................................................................................................................................................   Passed    0.00 sec
        Start 248: HybridMergerTest.testHybridMergerUpstream2DepletesMore
245/796 Test #247: HybridMergerTest.testHybridMergerUpstream1DepletesMore ..................................................................................................................................................................................................................   Passed    0.00 sec
        Start 249: HybridMergerTest.testHybridMergerTimeoutReturnPolicy
246/796 Test #246: HybridMergerTest.testHybridMergerLargeWindow ............................................................................................................................................................................................................................   Passed    0.01 sec
        Start 250: HybridMergerTest.testHybridMergerTimeoutFailPolicy
247/796 Test #248: HybridMergerTest.testHybridMergerUpstream2DepletesMore ..................................................................................................................................................................................................................   Passed    0.00 sec
        Start 251: HybridMergerTest.testRRFScoring
248/796 Test #249: HybridMergerTest.testHybridMergerTimeoutReturnPolicy ....................................................................................................................................................................................................................   Passed    0.00 sec
        Start 252: HybridMergerTest.testHybridMergerLinear3Upstreams
249/796 Test #250: HybridMergerTest.testHybridMergerTimeoutFailPolicy ......................................................................................................................................................................................................................   Passed    0.00 sec
        Start 253: HybridMergerTest.testHybridMergerPartialIntersection
250/796 Test #251: HybridMergerTest.testRRFScoring .........................................................................................................................................................................................................................................   Passed    0.00 sec
        Start 254: HybridMergerTest.testHybridMergerPartialIntersectionRRF
251/796 Test #252: HybridMergerTest.testHybridMergerLinear3Upstreams .......................................................................................................................................................................................................................   Passed    0.01 sec
        Start 255: HybridMergerTest.testRRFScoring3Upstreams
252/796 Test #253: HybridMergerTest.testHybridMergerPartialIntersection ....................................................................................................................................................................................................................   Passed    0.00 sec
        Start 256: HybridMergerTest.testHybridMergerErrorPrecedence
253/796 Test #254: HybridMergerTest.testHybridMergerPartialIntersectionRRF .................................................................................................................................................................................................................   Passed    0.01 sec
        Start 257: HybridMergerTest.testHybridMergerLinearFlagMerging
254/796 Test #255: HybridMergerTest.testRRFScoring3Upstreams ...............................................................................................................................................................................................................................   Passed    0.00 sec
        Start 258: HybridMergerTest.testHybridMergerRRFFlagMerging
255/796 Test #256: HybridMergerTest.testHybridMergerErrorPrecedence ........................................................................................................................................................................................................................   Passed    0.00 sec
        Start 259: HybridMergerTest.testUpstreamReturnCodes
256/796 Test #257: HybridMergerTest.testHybridMergerLinearFlagMerging ......................................................................................................................................................................................................................   Passed    0.00 sec
        Start 260: IndexTest.testVarint
257/796 Test #258: HybridMergerTest.testHybridMergerRRFFlagMerging .........................................................................................................................................................................................................................   Passed    0.00 sec
        Start 261: IndexTest.testUnion
258/796 Test #259: HybridMergerTest.testUpstreamReturnCodes ................................................................................................................................................................................................................................   Passed    0.00 sec
        Start 262: IndexTest.testWeight
259/796 Test #260: IndexTest.testVarint ....................................................................................................................................................................................................................................................   Passed    0.01 sec
        Start 263: IndexTest.testNot
260/796 Test #261: IndexTest.testUnion .....................................................................................................................................................................................................................................................   Passed    0.00 sec
        Start 264: IndexTest.testPureNot
261/796 Test #262: IndexTest.testWeight ....................................................................................................................................................................................................................................................   Passed    0.00 sec
        Start 265: IndexTest.testNumericInverted
262/796 Test #263: IndexTest.testNot .......................................................................................................................................................................................................................................................   Passed    0.01 sec
        Start 266: IndexTest.testNumericVaried
263/796 Test #264: IndexTest.testPureNot ...................................................................................................................................................................................................................................................   Passed    0.01 sec
        Start 267: IndexTest.testNumericEncoding
264/796 Test #265: IndexTest.testNumericInverted ...........................................................................................................................................................................................................................................   Passed    0.01 sec
        Start 268: IndexTest.testNumericEncodingMulti
265/796 Test #266: IndexTest.testNumericVaried .............................................................................................................................................................................................................................................   Passed    0.01 sec
        Start 269: IndexTest.testIntersection
266/796 Test #267: IndexTest.testNumericEncoding ...........................................................................................................................................................................................................................................   Passed    0.00 sec
        Start 270: IndexTest.testHybridVector
267/796 Test #268: IndexTest.testNumericEncodingMulti ......................................................................................................................................................................................................................................   Passed    0.00 sec
        Start 271: IndexTest.testInvalidHybridVector
268/796 Test #271: IndexTest.testInvalidHybridVector .......................................................................................................................................................................................................................................   Passed    0.00 sec
        Start 272: IndexTest.testMetric_VectorRange
269/796 Test #270: IndexTest.testHybridVector ..............................................................................................................................................................................................................................................   Passed    0.01 sec
        Start 273: IndexTest.testMetric_SkipTo
270/796 Test #272: IndexTest.testMetric_VectorRange ........................................................................................................................................................................................................................................   Passed    0.00 sec
        Start 274: IndexTest.testBuffer
271/796 Test #273: IndexTest.testMetric_SkipTo .............................................................................................................................................................................................................................................   Passed    0.00 sec
        Start 275: IndexTest.testIndexSpec
272/796 Test #274: IndexTest.testBuffer ....................................................................................................................................................................................................................................................   Passed    0.00 sec
        Start 276: IndexTest.testHugeSpec
273/796 Test #275: IndexTest.testIndexSpec .................................................................................................................................................................................................................................................   Passed    0.00 sec
        Start 277: IndexTest.testIndexFlags
274/796 Test #276: IndexTest.testHugeSpec ..................................................................................................................................................................................................................................................   Passed    0.00 sec
        Start 278: IndexTest.testDocTable
275/796 Test #277: IndexTest.testIndexFlags ................................................................................................................................................................................................................................................   Passed    0.00 sec
        Start 279: IndexTest.testVarintFieldMask
276/796 Test #279: IndexTest.testVarintFieldMask ...........................................................................................................................................................................................................................................   Passed    0.00 sec
        Start 280: IndexTest.testDeltaSplits
277/796 Test #278: IndexTest.testDocTable ..................................................................................................................................................................................................................................................   Passed    0.00 sec
        Start 281: IndexTest.testRawDocId
278/796 Test #280: IndexTest.testDeltaSplits ...............................................................................................................................................................................................................................................   Passed    0.00 sec
        Start 282: IndexTest.testHybridIteratorReducerWithEmptyChild
279/796 Test #281: IndexTest.testRawDocId ..................................................................................................................................................................................................................................................   Passed    0.00 sec
        Start 283: IndexTest.testHybridIteratorReducerWithWildcardChild
280/796 Test #282: IndexTest.testHybridIteratorReducerWithEmptyChild .......................................................................................................................................................................................................................   Passed    0.00 sec
        Start 284: IndexTest.testDiskHnswAcceptsFloat16
281/796 Test #283: IndexTest.testHybridIteratorReducerWithWildcardChild ....................................................................................................................................................................................................................   Passed    0.01 sec
        Start 285: IndexErrorTest.testBasic
282/796 Test #284: IndexTest.testDiskHnswAcceptsFloat16 ....................................................................................................................................................................................................................................   Passed    0.00 sec
        Start 286: IndexErrorTest.testNullKeyFallsBackToNA
283/796 Test #269: IndexTest.testIntersection ..............................................................................................................................................................................................................................................   Passed    0.04 sec
        Start 287: OptimizerIteratorTest.AdditionOverflowReturnsNull
284/796 Test #285: IndexErrorTest.testBasic ................................................................................................................................................................................................................................................   Passed    0.00 sec
        Start 288: OptimizerIteratorTest.MultiplicationOverflowReturnsNull
285/796 Test #286: IndexErrorTest.testNullKeyFallsBackToNA .................................................................................................................................................................................................................................   Passed    0.00 sec
        Start 289: JSONTest.testStoreTextOverflow
286/796 Test #287: OptimizerIteratorTest.AdditionOverflowReturnsNull .......................................................................................................................................................................................................................   Passed    0.00 sec
        Start 290: JSONTest.testStoreMultiVectorOverflow
287/796 Test #288: OptimizerIteratorTest.MultiplicationOverflowReturnsNull .................................................................................................................................................................................................................   Passed    0.00 sec
        Start 291: JsonVecAccept.FloatTargetsAcceptAllHomogeneousTags
288/796 Test #289: JSONTest.testStoreTextOverflow ..........................................................................................................................................................................................................................................   Passed    0.00 sec
        Start 292: JsonVecAccept.IntTargetsAcceptOnlyIntegerTags
289/796 Test #290: JSONTest.testStoreMultiVectorOverflow ...................................................................................................................................................................................................................................   Passed    0.00 sec
        Start 293: JsonVecAccept.UnsupportedTargetsRejectAll
290/796 Test #291: JsonVecAccept.FloatTargetsAcceptAllHomogeneousTags ......................................................................................................................................................................................................................   Passed    0.00 sec
        Start 294: JsonVecConvert.FLOAT32_Matrix
291/796 Test #292: JsonVecAccept.IntTargetsAcceptOnlyIntegerTags ...........................................................................................................................................................................................................................   Passed    0.00 sec
        Start 295: JsonVecConvert.FLOAT64_Matrix
292/796 Test #293: JsonVecAccept.UnsupportedTargetsRejectAll ...............................................................................................................................................................................................................................   Passed    0.00 sec
        Start 296: JsonVecConvert.FLOAT16_Matrix
293/796 Test #294: JsonVecConvert.FLOAT32_Matrix ...........................................................................................................................................................................................................................................   Passed    0.00 sec
        Start 297: JsonVecConvert.BFLOAT16_Matrix
294/796 Test #295: JsonVecConvert.FLOAT64_Matrix ...........................................................................................................................................................................................................................................   Passed    0.00 sec
        Start 298: JsonVecConvert.INT8_Matrix
295/796 Test #296: JsonVecConvert.FLOAT16_Matrix ...........................................................................................................................................................................................................................................   Passed    0.00 sec
        Start 299: JsonVecConvert.UINT8_Matrix
296/796 Test #297: JsonVecConvert.BFLOAT16_Matrix ..........................................................................................................................................................................................................................................   Passed    0.00 sec
        Start 300: JsonVecConvert.INT8_TruncatesOverflow
297/796 Test #298: JsonVecConvert.INT8_Matrix ..............................................................................................................................................................................................................................................   Passed    0.00 sec
        Start 301: ParseHybridTest.testBasicValidInput
298/796 Test #299: JsonVecConvert.UINT8_Matrix .............................................................................................................................................................................................................................................   Passed    0.00 sec
        Start 302: ParseHybridTest.testValidInputWithParams
299/796 Test #300: JsonVecConvert.INT8_TruncatesOverflow ...................................................................................................................................................................................................................................   Passed    0.00 sec
        Start 303: ParseHybridTest.testValidInputWithReqConfig
300/796 Test #301: ParseHybridTest.testBasicValidInput .....................................................................................................................................................................................................................................   Passed    0.00 sec
        Start 304: ParseHybridTest.testConfigOOMFailPolicyPropagation
301/796 Test #302: ParseHybridTest.testValidInputWithParams ................................................................................................................................................................................................................................   Passed    0.00 sec
        Start 305: ParseHybridTest.testConfigOOMReturnPolicyPropagation
302/796 Test #303: ParseHybridTest.testValidInputWithReqConfig .............................................................................................................................................................................................................................   Passed    0.00 sec
        Start 306: ParseHybridTest.testConfigOOMIgnorePolicyPropagation
303/796 Test #305: ParseHybridTest.testConfigOOMReturnPolicyPropagation ....................................................................................................................................................................................................................   Passed    0.00 sec
        Start 307: ParseHybridTest.testWithCombineLinear
304/796 Test #304: ParseHybridTest.testConfigOOMFailPolicyPropagation ......................................................................................................................................................................................................................   Passed    0.01 sec
        Start 308: ParseHybridTest.testRRFCountedYieldScoreOnly
305/796 Test #306: ParseHybridTest.testConfigOOMIgnorePolicyPropagation ....................................................................................................................................................................................................................   Passed    0.00 sec
        Start 309: ParseHybridTest.testLinearCountedYieldScoreOnly
306/796 Test #307: ParseHybridTest.testWithCombineLinear ...................................................................................................................................................................................................................................   Passed    0.00 sec
        Start 310: ParseHybridTest.testRRFPositionalYieldScoreOnly
307/796 Test #308: ParseHybridTest.testRRFCountedYieldScoreOnly ............................................................................................................................................................................................................................   Passed    0.00 sec
        Start 311: ParseHybridTest.testLinearPositionalYieldScoreOnly
308/796 Test #309: ParseHybridTest.testLinearCountedYieldScoreOnly .........................................................................................................................................................................................................................   Passed    0.00 sec
        Start 312: ParseHybridTest.testCombineRRFCountedYieldScore
309/796 Test #310: ParseHybridTest.testRRFPositionalYieldScoreOnly .........................................................................................................................................................................................................................   Passed    0.00 sec
        Start 313: ParseHybridTest.testCombineRRFPositionalYieldScore
310/796 Test #312: ParseHybridTest.testCombineRRFCountedYieldScore .........................................................................................................................................................................................................................   Passed    0.00 sec
        Start 314: ParseHybridTest.testCombineLinearCountedYieldScore
311/796 Test #311: ParseHybridTest.testLinearPositionalYieldScoreOnly ......................................................................................................................................................................................................................   Passed    0.00 sec
        Start 315: ParseHybridTest.testCombineLinearYieldScorePositional
312/796 Test #313: ParseHybridTest.testCombineRRFPositionalYieldScore ......................................................................................................................................................................................................................   Passed    0.00 sec
        Start 316: ParseHybridTest.testRRFFullArgsYieldScorePositional
313/796 Test #314: ParseHybridTest.testCombineLinearCountedYieldScore ......................................................................................................................................................................................................................   Passed    0.00 sec
        Start 317: ParseHybridTest.testLinearFullArgsYieldScorePositional
314/796 Test #315: ParseHybridTest.testCombineLinearYieldScorePositional ...................................................................................................................................................................................................................   Passed    0.00 sec
        Start 318: ParseHybridTest.testRRFFullArgsYieldScoreCounted
315/796 Test #316: ParseHybridTest.testRRFFullArgsYieldScorePositional .....................................................................................................................................................................................................................   Passed    0.00 sec
        Start 319: ParseHybridTest.testLinearFullArgsYieldScoreCounted
316/796 Test #317: ParseHybridTest.testLinearFullArgsYieldScorePositional ..................................................................................................................................................................................................................   Passed    0.00 sec
        Start 320: ParseHybridTest.testRRFCombineTokenInParams
317/796 Test #318: ParseHybridTest.testRRFFullArgsYieldScoreCounted ........................................................................................................................................................................................................................   Passed    0.00 sec
        Start 321: ParseHybridTest.testLinearCombineTokenInParams
318/796 Test #319: ParseHybridTest.testLinearFullArgsYieldScoreCounted .....................................................................................................................................................................................................................   Passed    0.00 sec
        Start 322: ParseHybridTest.testRRFCountedAndPositionalYieldScoreError
319/796 Test #320: ParseHybridTest.testRRFCombineTokenInParams .............................................................................................................................................................................................................................   Passed    0.00 sec
        Start 323: ParseHybridTest.testLinearCountedAndPositionalYieldScoreError
320/796 Test #321: ParseHybridTest.testLinearCombineTokenInParams ..........................................................................................................................................................................................................................   Passed    0.00 sec
        Start 324: ParseHybridTest.testCombineCount0AndPositionalYieldScoreSpecifiedTwiceError
321/796 Test #322: ParseHybridTest.testRRFCountedAndPositionalYieldScoreError ..............................................................................................................................................................................................................   Passed    0.00 sec
        Start 325: ParseHybridTest.testCombineLinearCount0AndPositionalYieldScoreSpecifiedTwiceError
322/796 Test #323: ParseHybridTest.testLinearCountedAndPositionalYieldScoreError ...........................................................................................................................................................................................................   Passed    0.00 sec
        Start 326: ParseHybridTest.testYieldScoreWithoutCombineError
323/796 Test #324: ParseHybridTest.testCombineCount0AndPositionalYieldScoreSpecifiedTwiceError .............................................................................................................................................................................................   Passed    0.00 sec
        Start 327: ParseHybridTest.testCombineRRFWithoutArgument
324/796 Test #325: ParseHybridTest.testCombineLinearCount0AndPositionalYieldScoreSpecifiedTwiceError .......................................................................................................................................................................................   Passed    0.01 sec
        Start 328: ParseHybridTest.testCombineRRFWithoutArgumentAfterParams
325/796 Test #326: ParseHybridTest.testYieldScoreWithoutCombineError .......................................................................................................................................................................................................................   Passed    0.01 sec
        Start 329: ParseHybridTest.testCombineLinearWithoutArgument
326/796 Test #327: ParseHybridTest.testCombineRRFWithoutArgument ...........................................................................................................................................................................................................................   Passed    0.01 sec
        Start 330: ParseHybridTest.testCombineLinearWithoutArgumentAfterParams
327/796 Test #328: ParseHybridTest.testCombineRRFWithoutArgumentAfterParams ................................................................................................................................................................................................................   Passed    0.00 sec
        Start 331: ParseHybridTest.testWithCombineRRF
328/796 Test #329: ParseHybridTest.testCombineLinearWithoutArgument ........................................................................................................................................................................................................................   Passed    0.01 sec
        Start 332: ParseHybridTest.testWithCombineRRFWithConstant
329/796 Test #330: ParseHybridTest.testCombineLinearWithoutArgumentAfterParams .............................................................................................................................................................................................................   Passed    0.00 sec
        Start 333: ParseHybridTest.testWithCombineRRFWithWindow
330/796 Test #331: ParseHybridTest.testWithCombineRRF ......................................................................................................................................................................................................................................   Passed    0.00 sec
        Start 334: ParseHybridTest.testWithCombineRRFWithConstantAndWindow
331/796 Test #332: ParseHybridTest.testWithCombineRRFWithConstant ..........................................................................................................................................................................................................................   Passed    0.00 sec
        Start 335: ParseHybridTest.testWithCombineRRFWithFloatConstant
332/796 Test #333: ParseHybridTest.testWithCombineRRFWithWindow ............................................................................................................................................................................................................................   Passed    0.00 sec
        Start 336: ParseHybridTest.testComplexSingleLineCommand
333/796 Test #334: ParseHybridTest.testWithCombineRRFWithConstantAndWindow .................................................................................................................................................................................................................   Passed    0.00 sec
        Start 337: ParseHybridTest.testExplicitWindowAndLimitWithImplicitK
334/796 Test #335: ParseHybridTest.testWithCombineRRFWithFloatConstant .....................................................................................................................................................................................................................   Passed    0.00 sec
        Start 338: ParseHybridTest.testNOSORTDisablesImplicitSort
335/796 Test #336: ParseHybridTest.testComplexSingleLineCommand ............................................................................................................................................................................................................................   Passed    0.00 sec
        Start 339: ParseHybridTest.testSortByFieldDoesNotDisableImplicitSort
336/796 Test #337: ParseHybridTest.testExplicitWindowAndLimitWithImplicitK .................................................................................................................................................................................................................   Passed    0.00 sec
        Start 340: ParseHybridTest.testNoSortByWillHaveImplicitSort
337/796 Test #338: ParseHybridTest.testNOSORTDisablesImplicitSort ..........................................................................................................................................................................................................................   Passed    0.00 sec
        Start 341: ParseHybridTest.testVsimBasicKNNWithFilter
338/796 Test #339: ParseHybridTest.testSortByFieldDoesNotDisableImplicitSort ...............................................................................................................................................................................................................   Passed    0.00 sec
        Start 342: ParseHybridTest.testVsimKNNWithEFRuntime
339/796 Test #340: ParseHybridTest.testNoSortByWillHaveImplicitSort ........................................................................................................................................................................................................................   Passed    0.00 sec
        Start 343: ParseHybridTest.testVsimBasicKNNNoFilter
340/796 Test #341: ParseHybridTest.testVsimBasicKNNWithFilter ..............................................................................................................................................................................................................................   Passed    0.00 sec
        Start 344: ParseHybridTest.testVsimKNNWithYieldDistanceOnly
341/796 Test #342: ParseHybridTest.testVsimKNNWithEFRuntime ................................................................................................................................................................................................................................   Passed    0.00 sec
        Start 345: ParseHybridTest.testVsimRangeBasic
342/796 Test #343: ParseHybridTest.testVsimBasicKNNNoFilter ................................................................................................................................................................................................................................   Passed    0.00 sec
        Start 346: ParseHybridTest.testVsimRangeWithEpsilon
343/796 Test #344: ParseHybridTest.testVsimKNNWithYieldDistanceOnly ........................................................................................................................................................................................................................   Passed    0.00 sec
        Start 347: ParseHybridTest.testVsimRangeWithFilter
344/796 Test #345: ParseHybridTest.testVsimRangeBasic ......................................................................................................................................................................................................................................   Passed    0.01 sec
        Start 348: ParseHybridTest.testExternalCommandWith_NUM_SSTRING
345/796 Test #346: ParseHybridTest.testVsimRangeWithEpsilon ................................................................................................................................................................................................................................   Passed    0.01 sec
        Start 349: ParseHybridTest.testExternalCommandWithWithScores
346/796 Test #347: ParseHybridTest.testVsimRangeWithFilter .................................................................................................................................................................................................................................   Passed    0.00 sec
        Start 350: ParseHybridTest.testInternalCommandWith_NUM_SSTRING
347/796 Test #348: ParseHybridTest.testExternalCommandWith_NUM_SSTRING .....................................................................................................................................................................................................................   Passed    0.01 sec
        Start 351: ParseHybridTest.testVsimInvalidFilterWeight
348/796 Test #349: ParseHybridTest.testExternalCommandWithWithScores .......................................................................................................................................................................................................................   Passed    0.00 sec
        Start 352: ParseHybridTest.testVsimInvalidFilterVectorField
349/796 Test #350: ParseHybridTest.testInternalCommandWith_NUM_SSTRING .....................................................................................................................................................................................................................   Passed    0.01 sec
        Start 353: ParseHybridTest.testMissingSearchArgument
350/796 Test #351: ParseHybridTest.testVsimInvalidFilterWeight .............................................................................................................................................................................................................................   Passed    0.01 sec
        Start 354: ParseHybridTest.testMissingQueryStringAfterSearch
351/796 Test #352: ParseHybridTest.testVsimInvalidFilterVectorField ........................................................................................................................................................................................................................   Passed    0.00 sec
        Start 355: ParseHybridTest.testMissingSecondSearchArgument
352/796 Test #353: ParseHybridTest.testMissingSearchArgument ...............................................................................................................................................................................................................................   Passed    0.00 sec
        Start 356: ParseHybridTest.testInvalidSearchAfterSearch
353/796 Test #354: ParseHybridTest.testMissingQueryStringAfterSearch .......................................................................................................................................................................................................................   Passed    0.00 sec
        Start 357: ParseHybridTest.testVsimMissingVectorField
354/796 Test #355: ParseHybridTest.testMissingSecondSearchArgument .........................................................................................................................................................................................................................   Passed    0.00 sec
        Start 358: ParseHybridTest.testVsimMissingVectorArgument
355/796 Test #356: ParseHybridTest.testInvalidSearchAfterSearch ............................................................................................................................................................................................................................   Passed    0.00 sec
        Start 359: ParseHybridTest.testVsimVectorFieldMissingAtPrefix
356/796 Test #357: ParseHybridTest.testVsimMissingVectorField ..............................................................................................................................................................................................................................   Passed    0.00 sec
        Start 360: ParseHybridTest.testBlobWithoutParams
357/796 Test #358: ParseHybridTest.testVsimMissingVectorArgument ...........................................................................................................................................................................................................................   Passed    0.00 sec
        Start 361: ParseHybridTest.testDirectVector
358/796 Test #359: ParseHybridTest.testVsimVectorFieldMissingAtPrefix ......................................................................................................................................................................................................................   Passed    0.00 sec
        Start 362: ParseHybridTest.testKNNMissingArgumentCount
359/796 Test #360: ParseHybridTest.testBlobWithoutParams ...................................................................................................................................................................................................................................   Passed    0.00 sec
        Start 363: ParseHybridTest.testVsimKNNOddParamCount
360/796 Test #361: ParseHybridTest.testDirectVector ........................................................................................................................................................................................................................................   Passed    0.00 sec
        Start 364: ParseHybridTest.testKNNZeroArgumentCount
361/796 Test #362: ParseHybridTest.testKNNMissingArgumentCount .............................................................................................................................................................................................................................   Passed    0.00 sec
        Start 365: ParseHybridTest.testVsimSubqueryMissingK
362/796 Test #363: ParseHybridTest.testVsimKNNOddParamCount ................................................................................................................................................................................................................................   Passed    0.00 sec
        Start 366: ParseHybridTest.testKNNInvalidKValue
363/796 Test #364: ParseHybridTest.testKNNZeroArgumentCount ................................................................................................................................................................................................................................   Passed    0.00 sec
        Start 367: ParseHybridTest.testKNNNegativeKValue
364/796 Test #365: ParseHybridTest.testVsimSubqueryMissingK ................................................................................................................................................................................................................................   Passed    0.00 sec
        Start 368: ParseHybridTest.testKNNZeroKValue
365/796 Test #366: ParseHybridTest.testKNNInvalidKValue ....................................................................................................................................................................................................................................   Passed    0.00 sec
        Start 369: ParseHybridTest.testVsimKNNDuplicateK
366/796 Test #367: ParseHybridTest.testKNNNegativeKValue ...................................................................................................................................................................................................................................   Passed    0.00 sec
        Start 370: ParseHybridTest.testVsimKNNDuplicateEFRuntime
367/796 Test #368: ParseHybridTest.testKNNZeroKValue .......................................................................................................................................................................................................................................   Passed    0.00 sec
        Start 371: ParseHybridTest.testKNNDuplicateYieldDistanceAs
368/796 Test #369: ParseHybridTest.testVsimKNNDuplicateK ...................................................................................................................................................................................................................................   Passed    0.00 sec
        Start 372: ParseHybridTest.testKNNCountingYieldDistanceAs
369/796 Test #370: ParseHybridTest.testVsimKNNDuplicateEFRuntime ...........................................................................................................................................................................................................................   Passed    0.00 sec
        Start 373: ParseHybridTest.testVsimKNNWithEpsilon
370/796 Test #371: ParseHybridTest.testKNNDuplicateYieldDistanceAs .........................................................................................................................................................................................................................   Passed    0.00 sec
        Start 374: ParseHybridTest.testVsimSubqueryWrongParamCount
371/796 Test #373: ParseHybridTest.testVsimKNNWithEpsilon ..................................................................................................................................................................................................................................   Passed    0.00 sec
        Start 375: ParseHybridTest.testRangeMissingArgumentCount
372/796 Test #372: ParseHybridTest.testKNNCountingYieldDistanceAs ..........................................................................................................................................................................................................................   Passed    0.00 sec
        Start 376: ParseHybridTest.testVsimRangeOddParamCount
373/796 Test #375: ParseHybridTest.testRangeMissingArgumentCount ...........................................................................................................................................................................................................................   Passed    0.00 sec
        Start 377: ParseHybridTest.testRangeZeroArgumentCount
374/796 Test #374: ParseHybridTest.testVsimSubqueryWrongParamCount .........................................................................................................................................................................................................................   Passed    0.01 sec
        Start 378: ParseHybridTest.testRangeInvalidRadiusValue
375/796 Test #376: ParseHybridTest.testVsimRangeOddParamCount ..............................................................................................................................................................................................................................   Passed    0.01 sec
        Start 379: ParseHybridTest.testVsimRangeDuplicateRadius
376/796 Test #377: ParseHybridTest.testRangeZeroArgumentCount ..............................................................................................................................................................................................................................   Passed    0.01 sec
        Start 380: ParseHybridTest.testVsimRangeDuplicateEpsilon
377/796 Test #378: ParseHybridTest.testRangeInvalidRadiusValue .............................................................................................................................................................................................................................   Passed    0.01 sec
        Start 381: ParseHybridTest.testRangeDuplicateYieldDistanceAs
378/796 Test #379: ParseHybridTest.testVsimRangeDuplicateRadius ............................................................................................................................................................................................................................   Passed    0.00 sec
        Start 382: ParseHybridTest.testRangeCountingYieldDistanceAs
379/796 Test #380: ParseHybridTest.testVsimRangeDuplicateEpsilon ...........................................................................................................................................................................................................................   Passed    0.00 sec
        Start 383: ParseHybridTest.testVsimRangeWithEFRuntime
380/796 Test #381: ParseHybridTest.testRangeDuplicateYieldDistanceAs .......................................................................................................................................................................................................................   Passed    0.00 sec
        Start 384: ParseHybridTest.testCombineRRFInvalidConstantValue
381/796 Test #382: ParseHybridTest.testRangeCountingYieldDistanceAs ........................................................................................................................................................................................................................   Passed    0.00 sec
        Start 385: ParseHybridTest.testDefaultTextScorerForLinear
382/796 Test #383: ParseHybridTest.testVsimRangeWithEFRuntime ..............................................................................................................................................................................................................................   Passed    0.01 sec
        Start 386: ParseHybridTest.testExplicitTextScorerForLinear
383/796 Test #384: ParseHybridTest.testCombineRRFInvalidConstantValue ......................................................................................................................................................................................................................   Passed    0.01 sec
        Start 387: ParseHybridTest.testDefaultTextScorerForRRF
384/796 Test #385: ParseHybridTest.testDefaultTextScorerForLinear ..........................................................................................................................................................................................................................   Passed    0.01 sec
        Start 388: ParseHybridTest.testExplicitTextScorerForRRF
385/796 Test #386: ParseHybridTest.testExplicitTextScorerForLinear .........................................................................................................................................................................................................................   Passed    0.00 sec
        Start 389: ParseHybridTest.testLinearPartialWeightsAlpha
386/796 Test #387: ParseHybridTest.testDefaultTextScorerForRRF .............................................................................................................................................................................................................................   Passed    0.01 sec
        Start 390: ParseHybridTest.testLinearMissingArgs
387/796 Test #388: ParseHybridTest.testExplicitTextScorerForRRF ............................................................................................................................................................................................................................   Passed    0.01 sec
        Start 391: ParseHybridTest.testLinearPartialWeightsBeta
388/796 Test #389: ParseHybridTest.testLinearPartialWeightsAlpha ...........................................................................................................................................................................................................................   Passed    0.01 sec
        Start 392: ParseHybridTest.testLinearNegativeArgumentCount
389/796 Test #390: ParseHybridTest.testLinearMissingArgs ...................................................................................................................................................................................................................................   Passed    0.01 sec
        Start 393: ParseHybridTest.testLinearMissingArgumentCount
390/796 Test #391: ParseHybridTest.testLinearPartialWeightsBeta ............................................................................................................................................................................................................................   Passed    0.00 sec
        Start 394: ParseHybridTest.testKNNMissingKValue
391/796 Test #392: ParseHybridTest.testLinearNegativeArgumentCount .........................................................................................................................................................................................................................   Passed    0.00 sec
        Start 395: ParseHybridTest.testKNNMissingEFRuntimeValue
392/796 Test #393: ParseHybridTest.testLinearMissingArgumentCount ..........................................................................................................................................................................................................................   Passed    0.01 sec
        Start 396: ParseHybridTest.testRangeMissingRadiusValue
393/796 Test #394: ParseHybridTest.testKNNMissingKValue ....................................................................................................................................................................................................................................   Passed    0.00 sec
        Start 397: ParseHybridTest.testRangeMissingEpsilonValue
394/796 Test #395: ParseHybridTest.testKNNMissingEFRuntimeValue ............................................................................................................................................................................................................................   Passed    0.00 sec
        Start 398: ParseHybridTest.testLinearMissingAlphaValue
395/796 Test #396: ParseHybridTest.testRangeMissingRadiusValue .............................................................................................................................................................................................................................   Passed    0.00 sec
        Start 399: ParseHybridTest.testLinearMissingBetaValue
396/796 Test #397: ParseHybridTest.testRangeMissingEpsilonValue ............................................................................................................................................................................................................................   Passed    0.00 sec
        Start 400: ParseHybridTest.testKNNMissingYieldDistanceAsValue
397/796 Test #398: ParseHybridTest.testLinearMissingAlphaValue .............................................................................................................................................................................................................................   Passed    0.01 sec
        Start 401: ParseHybridTest.testRangeMissingYieldDistanceAsValue
398/796 Test #399: ParseHybridTest.testLinearMissingBetaValue ..............................................................................................................................................................................................................................   Passed    0.01 sec
        Start 402: ParseHybridTest.testLimitZeroCountWithNonZeroOffset
399/796 Test #400: ParseHybridTest.testKNNMissingYieldDistanceAsValue ......................................................................................................................................................................................................................   Passed    0.00 sec
        Start 403: ParseHybridTest.testLimitInvalidOffset
400/796 Test #401: ParseHybridTest.testRangeMissingYieldDistanceAsValue ....................................................................................................................................................................................................................   Passed    0.00 sec
        Start 404: ParseHybridTest.testLimitInvalidCount
401/796 Test #402: ParseHybridTest.testLimitZeroCountWithNonZeroOffset .....................................................................................................................................................................................................................   Passed    0.01 sec
        Start 405: ParseHybridTest.testLimitExceedsMaxResults
402/796 Test #403: ParseHybridTest.testLimitInvalidOffset ..................................................................................................................................................................................................................................   Passed    0.01 sec
        Start 406: ParseHybridTest.testLimitOnlyOffset
403/796 Test #404: ParseHybridTest.testLimitInvalidCount ...................................................................................................................................................................................................................................   Passed    0.00 sec
        Start 407: ParseHybridTest.testSortByMissingFieldName
404/796 Test #406: ParseHybridTest.testLimitOnlyOffset .....................................................................................................................................................................................................................................   Passed    0.00 sec
        Start 408: ParseHybridTest.testParamsOddArgumentCount
405/796 Test #405: ParseHybridTest.testLimitExceedsMaxResults ..............................................................................................................................................................................................................................   Passed    0.01 sec
        Start 409: ParseHybridTest.testParamsZeroArguments
406/796 Test #408: ParseHybridTest.testParamsOddArgumentCount ..............................................................................................................................................................................................................................   Passed    0.00 sec
        Start 410: ParseHybridTest.testParamsSpecifiedMultipleTimes
407/796 Test #407: ParseHybridTest.testSortByMissingFieldName ..............................................................................................................................................................................................................................   Passed    0.01 sec
        Start 411: ParseHybridTest.testWithCursorInvalidMaxIdle
408/796 Test #409: ParseHybridTest.testParamsZeroArguments .................................................................................................................................................................................................................................   Passed    0.01 sec
        Start 412: ParseHybridTest.testWithCursorInvalidCount
409/796 Test #410: ParseHybridTest.testParamsSpecifiedMultipleTimes ........................................................................................................................................................................................................................   Passed    0.00 sec
        Start 413: ParseHybridTest.testGroupByNoProperties
410/796 Test #411: ParseHybridTest.testWithCursorInvalidMaxIdle ............................................................................................................................................................................................................................   Passed    0.00 sec
        Start 414: ParseHybridTest.testGroupByPropertyMissingAtPrefix
411/796 Test #412: ParseHybridTest.testWithCursorInvalidCount ..............................................................................................................................................................................................................................   Passed    0.00 sec
        Start 415: ParseHybridTest.testApplyMissingAsArgument
412/796 Test #413: ParseHybridTest.testGroupByNoProperties .................................................................................................................................................................................................................................   Passed    0.01 sec
        Start 416: ParseHybridTest.testLoadInvalidFieldCount
413/796 Test #414: ParseHybridTest.testGroupByPropertyMissingAtPrefix ......................................................................................................................................................................................................................   Passed    0.00 sec
        Start 417: ParseHybridTest.testLoadInsufficientFields
414/796 Test #415: ParseHybridTest.testApplyMissingAsArgument ..............................................................................................................................................................................................................................   Passed    0.01 sec
        Start 418: ParseHybridTest.testCombineRRFWithOddArgumentCount
415/796 Test #416: ParseHybridTest.testLoadInvalidFieldCount ...............................................................................................................................................................................................................................   Passed    0.01 sec
        Start 419: ParseHybridTest.testCombineRRFWithOddArgumentCountAfterParams
416/796 Test #417: ParseHybridTest.testLoadInsufficientFields ..............................................................................................................................................................................................................................   Passed    0.00 sec
        Start 420: ParseHybridTest.testDialectInSearchSubquery
417/796 Test #418: ParseHybridTest.testCombineRRFWithOddArgumentCount ......................................................................................................................................................................................................................   Passed    0.00 sec
        Start 421: ParseHybridTest.testDialectInVectorKNNSubquery
418/796 Test #419: ParseHybridTest.testCombineRRFWithOddArgumentCountAfterParams ...........................................................................................................................................................................................................   Passed    0.00 sec
        Start 422: ParseHybridTest.testDialectInVectorRangeSubquery
419/796 Test #420: ParseHybridTest.testDialectInSearchSubquery .............................................................................................................................................................................................................................   Passed    0.00 sec
        Start 423: ParseHybridTest.testDialectInTail
420/796 Test #422: ParseHybridTest.testDialectInVectorRangeSubquery ........................................................................................................................................................................................................................   Passed    0.00 sec
        Start 424: ParseHybridTest.testCombineRRFNegativeWindow
421/796 Test #421: ParseHybridTest.testDialectInVectorKNNSubquery ..........................................................................................................................................................................................................................   Passed    0.01 sec
        Start 425: ParseHybridTest.testCombineRRFZeroWindow
422/796 Test #423: ParseHybridTest.testDialectInTail .......................................................................................................................................................................................................................................   Passed    0.01 sec
        Start 426: ParseHybridTest.testCombineLinearNegativeWindow
423/796 Test #424: ParseHybridTest.testCombineRRFNegativeWindow ............................................................................................................................................................................................................................   Passed    0.01 sec
        Start 427: ParseHybridTest.testCombineLinearZeroWindow
424/796 Test #426: ParseHybridTest.testCombineLinearNegativeWindow .........................................................................................................................................................................................................................   Passed    0.00 sec
        Start 428: ParseHybridTest.testSortby0InvalidArgumentCount
425/796 Test #425: ParseHybridTest.testCombineRRFZeroWindow ................................................................................................................................................................................................................................   Passed    0.01 sec
        Start 429: ParseHybridTest.testSortbyNotEnoughArguments
426/796 Test #427: ParseHybridTest.testCombineLinearZeroWindow .............................................................................................................................................................................................................................   Passed    0.00 sec
        Start 430: ParseHybridTest.testHybridSubqueriesCountMissing
427/796 Test #428: ParseHybridTest.testSortby0InvalidArgumentCount .........................................................................................................................................................................................................................   Passed    0.00 sec
        Start 431: ParseHybridTest.testHybridSubqueriesCountInvalid
428/796 Test #429: ParseHybridTest.testSortbyNotEnoughArguments ............................................................................................................................................................................................................................   Passed    0.00 sec
        Start 432: ParseHybridTest.testHybridSubqueriesCountInvalidThree
429/796 Test #430: ParseHybridTest.testHybridSubqueriesCountMissing ........................................................................................................................................................................................................................   Passed    0.00 sec
        Start 433: ParseHybridTest.testHybridSubqueriesCountInvalidOne
430/796 Test #431: ParseHybridTest.testHybridSubqueriesCountInvalid ........................................................................................................................................................................................................................   Passed    0.00 sec
        Start 434: ParseHybridTest.testHybridSubqueriesCountInvalidRange
431/796 Test #432: ParseHybridTest.testHybridSubqueriesCountInvalidThree ...................................................................................................................................................................................................................   Passed    0.00 sec
        Start 435: ParseHybridTest.testHybridSubqueriesCountInvalidKeyword
432/796 Test #433: ParseHybridTest.testHybridSubqueriesCountInvalidOne .....................................................................................................................................................................................................................   Passed    0.00 sec
        Start 436: ParseHybridTest.testShardKRatioValidMinValue
433/796 Test #434: ParseHybridTest.testHybridSubqueriesCountInvalidRange ...................................................................................................................................................................................................................   Passed    0.01 sec
        Start 437: ParseHybridTest.testShardKRatioValidMidValue
434/796 Test #435: ParseHybridTest.testHybridSubqueriesCountInvalidKeyword .................................................................................................................................................................................................................   Passed    0.00 sec
        Start 438: ParseHybridTest.testShardKRatioValidMaxValue
435/796 Test #436: ParseHybridTest.testShardKRatioValidMinValue ............................................................................................................................................................................................................................   Passed    0.00 sec
        Start 439: ParseHybridTest.testShardKRatioValidFromParams
436/796 Test #437: ParseHybridTest.testShardKRatioValidMidValue ............................................................................................................................................................................................................................   Passed    0.00 sec
        Start 440: ParseHybridTest.testShardKRatioInvalidFromParams
437/796 Test #439: ParseHybridTest.testShardKRatioValidFromParams ..........................................................................................................................................................................................................................   Passed    0.00 sec
        Start 441: ParseHybridTest.testShardKRatioInvalidBelowMin
438/796 Test #440: ParseHybridTest.testShardKRatioInvalidFromParams ........................................................................................................................................................................................................................   Passed    0.00 sec
        Start 442: ParseHybridTest.testShardKRatioInvalidAboveMax
439/796 Test #438: ParseHybridTest.testShardKRatioValidMaxValue ............................................................................................................................................................................................................................   Passed    0.01 sec
        Start 443: ParseHybridTest.testShardKRatioInvalidNegative
440/796 Test #441: ParseHybridTest.testShardKRatioInvalidBelowMin ..........................................................................................................................................................................................................................   Passed    0.00 sec
        Start 444: ParseHybridTest.testShardKRatioInvalidNonNumeric
441/796 Test #442: ParseHybridTest.testShardKRatioInvalidAboveMax ..........................................................................................................................................................................................................................   Passed    0.01 sec
        Start 445: ParseHybridTest.testShardKRatioMissingValue
442/796 Test #443: ParseHybridTest.testShardKRatioInvalidNegative ..........................................................................................................................................................................................................................   Passed    0.01 sec
        Start 446: ParseHybridTest.testShardKRatioMissingValueAtEnd
443/796 Test #444: ParseHybridTest.testShardKRatioInvalidNonNumeric ........................................................................................................................................................................................................................   Passed    0.00 sec
        Start 447: ParseHybridTest.testShardKRatioWrongPosition
444/796 Test #445: ParseHybridTest.testShardKRatioMissingValue .............................................................................................................................................................................................................................   Passed    0.00 sec
        Start 448: ParseHybridTest.testShardKRatioDuplicate
445/796 Test #446: ParseHybridTest.testShardKRatioMissingValueAtEnd ........................................................................................................................................................................................................................   Passed    0.00 sec
        Start 449: ParseHybridTest.testShardKRatioWithFilter
446/796 Test #447: ParseHybridTest.testShardKRatioWrongPosition ............................................................................................................................................................................................................................   Passed    0.00 sec
        Start 450: ParseHybridTest.testShardKRatiowithFilterAndPostFilter
447/796 Test #448: ParseHybridTest.testShardKRatioDuplicate ................................................................................................................................................................................................................................   Passed    0.00 sec
        Start 451: ParseHybridTest.testShardKRatioAfterYieldScoreAs
448/796 Test #449: ParseHybridTest.testShardKRatioWithFilter ...............................................................................................................................................................................................................................   Passed    0.00 sec
        Start 452: ParseHybridTest.testShardKRatioBeforeYieldScoreAs
449/796 Test #450: ParseHybridTest.testShardKRatiowithFilterAndPostFilter ..................................................................................................................................................................................................................   Passed    0.00 sec
        Start 453: ParseHybridTest.testShardKRatioDefaultValue
450/796 Test #451: ParseHybridTest.testShardKRatioAfterYieldScoreAs ........................................................................................................................................................................................................................   Passed    0.00 sec
        Start 454: HybridRequestParseTest.testFilterBatchSize
451/796 Test #452: ParseHybridTest.testShardKRatioBeforeYieldScoreAs .......................................................................................................................................................................................................................   Passed    0.00 sec
        Start 455: HybridRequestParseTest.testPolicyBatchesWithBatchSize
452/796 Test #453: ParseHybridTest.testShardKRatioDefaultValue .............................................................................................................................................................................................................................   Passed    0.00 sec
        Start 456: HybridRequestParseTest.testPolicyAdhoc
453/796 Test #454: HybridRequestParseTest.testFilterBatchSize ..............................................................................................................................................................................................................................   Passed    0.00 sec
        Start 457: HybridRequestParseTest.testHybridRequestPipelineBuildingBasic
454/796 Test #455: HybridRequestParseTest.testPolicyBatchesWithBatchSize ...................................................................................................................................................................................................................   Passed    0.01 sec
        Start 458: HybridRequestParseTest.testHybridRequestRRFScoringWithCustomConstant
455/796 Test #457: HybridRequestParseTest.testHybridRequestPipelineBuildingBasic ...........................................................................................................................................................................................................   Passed    0.00 sec
        Start 459: HybridRequestParseTest.testHybridRequestBuildPipelineMinimal
456/796 Test #456: HybridRequestParseTest.testPolicyAdhoc ..................................................................................................................................................................................................................................   Passed    0.01 sec
        Start 460: HybridRequestParseTest.testHybridRequestBuildPipelineTail
457/796 Test #458: HybridRequestParseTest.testHybridRequestRRFScoringWithCustomConstant ....................................................................................................................................................................................................   Passed    0.01 sec
        Start 461: HybridRequestParseTest.testHybridRequestImplicitLoad
458/796 Test #459: HybridRequestParseTest.testHybridRequestBuildPipelineMinimal ............................................................................................................................................................................................................   Passed    0.01 sec
        Start 462: HybridRequestParseTest.testHybridRequestMultipleLoads
459/796 Test #460: HybridRequestParseTest.testHybridRequestBuildPipelineTail ...............................................................................................................................................................................................................   Passed    0.01 sec
        Start 463: HybridRequestParseTest.testHybridRequestExplicitLoadPreserved
460/796 Test #461: HybridRequestParseTest.testHybridRequestImplicitLoad ....................................................................................................................................................................................................................   Passed    0.00 sec
        Start 464: HybridRequestParseTest.testHybridRequestNoImplicitSortWithExplicitSort
461/796 Test #463: HybridRequestParseTest.testHybridRequestExplicitLoadPreserved ...........................................................................................................................................................................................................   Passed    0.00 sec
        Start 465: HybridRequestParseTest.testHybridRequestImplicitSortByScore
462/796 Test #464: HybridRequestParseTest.testHybridRequestNoImplicitSortWithExplicitSort ..................................................................................................................................................................................................   Passed    0.00 sec
        Start 466: HybridRequestParseTest.testHybridRequestLinearScoringWithLimit
463/796 Test #462: HybridRequestParseTest.testHybridRequestMultipleLoads ...................................................................................................................................................................................................................   Passed    0.01 sec
        Start 467: HybridRequestParseTest.testHybridRequestRRFWindowArrangeStep
464/796 Test #465: HybridRequestParseTest.testHybridRequestImplicitSortByScore .............................................................................................................................................................................................................   Passed    0.01 sec
        Start 468: HybridRequestParseTest.testHybridRequestLinearWindowArrangeStep
465/796 Test #466: HybridRequestParseTest.testHybridRequestLinearScoringWithLimit ..........................................................................................................................................................................................................   Passed    0.00 sec
        Start 469: HybridRequestParseTest.testKeyCorrespondenceBetweenSearchAndTailPipelines
466/796 Test #467: HybridRequestParseTest.testHybridRequestRRFWindowArrangeStep ............................................................................................................................................................................................................   Passed    0.00 sec
        Start 470: HybridRequestParseTest.testKeyCorrespondenceBetweenSearchAndTailPipelinesImplicit
467/796 Test #468: HybridRequestParseTest.testHybridRequestLinearWindowArrangeStep .........................................................................................................................................................................................................   Passed    0.00 sec
        Start 471: HybridRequestParseTest.testHybridSkipIndexResultDeepCopyWhenTailHasNoReader
468/796 Test #470: HybridRequestParseTest.testKeyCorrespondenceBetweenSearchAndTailPipelinesImplicit .......................................................................................................................................................................................   Passed    0.00 sec
        Start 472: HybridRequestParseTest.testHybridForceIndexResultDeepCopyWhenTailReadsIt
469/796 Test #471: HybridRequestParseTest.testHybridSkipIndexResultDeepCopyWhenTailHasNoReader .............................................................................................................................................................................................   Passed    0.00 sec
        Start 473: QueryTest.testParser_delta
470/796 Test #469: HybridRequestParseTest.testKeyCorrespondenceBetweenSearchAndTailPipelines ...............................................................................................................................................................................................   Passed    0.01 sec
        Start 474: QueryTest.testDiskVectorQueryRestrictions
471/796 Test #472: HybridRequestParseTest.testHybridForceIndexResultDeepCopyWhenTailReadsIt ................................................................................................................................................................................................   Passed    0.00 sec
        Start 475: QueryTest.testParser_v1
472/796 Test #473: QueryTest.testParser_delta ..............................................................................................................................................................................................................................................   Passed    0.01 sec
        Start 476: QueryTest.testParser_v2
473/796 Test #474: QueryTest.testDiskVectorQueryRestrictions ...............................................................................................................................................................................................................................   Passed    0.01 sec
        Start 477: QueryTest.testVectorHybridQuery
474/796 Test #475: QueryTest.testParser_v1 .................................................................................................................................................................................................................................................   Passed    0.00 sec
        Start 478: QueryTest.testPureNegative
475/796 Test #476: QueryTest.testParser_v2 .................................................................................................................................................................................................................................................   Passed    0.00 sec
        Start 479: QueryTest.testDoubleNegationOptimization
476/796 Test #477: QueryTest.testVectorHybridQuery .........................................................................................................................................................................................................................................   Passed    0.01 sec
        Start 480: QueryTest.testGeoQuery_v1
477/796 Test #478: QueryTest.testPureNegative ..............................................................................................................................................................................................................................................   Passed    0.01 sec
        Start 481: QueryTest.testGeoQuery_v2
478/796 Test #479: QueryTest.testDoubleNegationOptimization ................................................................................................................................................................................................................................   Passed    0.00 sec
        Start 482: QueryTest.testFieldSpec_v1
479/796 Test #480: QueryTest.testGeoQuery_v1 ...............................................................................................................................................................................................................................................   Passed    0.00 sec
        Start 483: QueryTest.testFieldSpec_v2
480/796 Test #482: QueryTest.testFieldSpec_v1 ..............................................................................................................................................................................................................................................   Passed    0.00 sec
        Start 484: QueryTest.testAttributes
481/796 Test #481: QueryTest.testGeoQuery_v2 ...............................................................................................................................................................................................................................................   Passed    0.01 sec
        Start 485: QueryTest.testTags
482/796 Test #483: QueryTest.testFieldSpec_v2 ..............................................................................................................................................................................................................................................   Passed    0.01 sec
        Start 486: QueryTest.testWildcard
483/796 Test #484: QueryTest.testAttributes ................................................................................................................................................................................................................................................   Passed    0.01 sec
        Start 487: QueryErrorTest.testQueryErrorStrerror
484/796 Test #486: QueryTest.testWildcard ..................................................................................................................................................................................................................................................   Passed    0.00 sec
        Start 488: QueryErrorTest.testQueryErrorSetError
485/796 Test #485: QueryTest.testTags ......................................................................................................................................................................................................................................................   Passed    0.01 sec
        Start 489: QueryErrorTest.testQueryErrorSetCode
486/796 Test #487: QueryErrorTest.testQueryErrorStrerror ...................................................................................................................................................................................................................................   Passed    0.00 sec
        Start 490: QueryErrorTest.testQueryErrorNoOverwrite
487/796 Test #488: QueryErrorTest.testQueryErrorSetError ...................................................................................................................................................................................................................................   Passed    0.00 sec
        Start 491: QueryErrorTest.testQueryErrorClear
488/796 Test #489: QueryErrorTest.testQueryErrorSetCode ....................................................................................................................................................................................................................................   Passed    0.00 sec
        Start 492: QueryErrorTest.testQueryErrorGetCode
489/796 Test #490: QueryErrorTest.testQueryErrorNoOverwrite ................................................................................................................................................................................................................................   Passed    0.00 sec
        Start 493: QueryErrorTest.testQueryErrorWithUserDataFmt
490/796 Test #491: QueryErrorTest.testQueryErrorClear ......................................................................................................................................................................................................................................   Passed    0.00 sec
        Start 494: QueryErrorTest.testQueryErrorWithoutUserDataFmt
491/796 Test #492: QueryErrorTest.testQueryErrorGetCode ....................................................................................................................................................................................................................................   Passed    0.00 sec
        Start 495: QueryErrorTest.testQueryErrorCloneFrom
492/796 Test #494: QueryErrorTest.testQueryErrorWithoutUserDataFmt .........................................................................................................................................................................................................................   Passed    0.00 sec
        Start 496: QueryErrorTest.testQueryErrorGetDisplayableError
493/796 Test #493: QueryErrorTest.testQueryErrorWithUserDataFmt ............................................................................................................................................................................................................................   Passed    0.01 sec
        Start 497: QueryErrorTest.testQueryErrorMaybeSetCode
494/796 Test #495: QueryErrorTest.testQueryErrorCloneFrom ..................................................................................................................................................................................................................................   Passed    0.00 sec
        Start 498: QueryErrorTest.testQueryErrorAllErrorCodes
495/796 Test #496: QueryErrorTest.testQueryErrorGetDisplayableError ........................................................................................................................................................................................................................   Passed    0.00 sec
        Start 499: QueryErrorTest.testGetCodeFromMessageRecognizesErrorFormOnly
496/796 Test #498: QueryErrorTest.testQueryErrorAllErrorCodes ..............................................................................................................................................................................................................................   Passed    0.00 sec
        Start 500: QueryErrorTest.testQueryErrorEdgeCases
497/796 Test #497: QueryErrorTest.testQueryErrorMaybeSetCode ...............................................................................................................................................................................................................................   Passed    0.01 sec
        Start 501: QueryValidationTest.testInvalidVectorFilter
498/796 Test #499: QueryErrorTest.testGetCodeFromMessageRecognizesErrorFormOnly ............................................................................................................................................................................................................   Passed    0.00 sec
        Start 502: QueryValidationTest.testValidVectorFilter
499/796 Test #500: QueryErrorTest.testQueryErrorEdgeCases ..................................................................................................................................................................................................................................   Passed    0.00 sec
        Start 503: QueryValidationTest.testInvalidHybridSearch
500/796 Test #502: QueryValidationTest.testValidVectorFilter ...............................................................................................................................................................................................................................   Passed    0.00 sec
        Start 504: QueryValidationTest.testValidHybridSearch
501/796 Test #501: QueryValidationTest.testInvalidVectorFilter .............................................................................................................................................................................................................................   Passed    0.01 sec
        Start 505: RdbMockTest.testBasicRdbOperations
502/796 Test #504: QueryValidationTest.testValidHybridSearch ...............................................................................................................................................................................................................................   Passed    0.00 sec
        Start 506: RdbMockTest.testCreateIndexSpec
503/796 Test #503: QueryValidationTest.testInvalidHybridSearch .............................................................................................................................................................................................................................   Passed    0.01 sec
        Start 507: RdbMockTest.testIndexSpecRdbSerialization
504/796 Test #505: RdbMockTest.testBasicRdbOperations ......................................................................................................................................................................................................................................   Passed    0.00 sec
        Start 508: RdbMockTest.testIndexSpecRdbLoadNormalizesInvalidStorageFlags
505/796 Test #506: RdbMockTest.testCreateIndexSpec .........................................................................................................................................................................................................................................   Passed    0.00 sec
        Start 509: RdbMockTest.testIndexSpecStringSerialize
506/796 Test #507: RdbMockTest.testIndexSpecRdbSerialization ...............................................................................................................................................................................................................................   Passed    0.00 sec
        Start 510: RdbMockTest.testDuplicateIndexRdbLoad
507/796 Test #508: RdbMockTest.testIndexSpecRdbLoadNormalizesInvalidStorageFlags ...........................................................................................................................................................................................................   Passed    0.00 sec
        Start 511: RdbMockTest.testSynonymMapRdbSerialization
508/796 Test #509: RdbMockTest.testIndexSpecStringSerialize ................................................................................................................................................................................................................................   Passed    0.00 sec
        Start 512: RdbMockTest.testSynonymMapRdbLoadExceedsTermsLimit
509/796 Test #510: RdbMockTest.testDuplicateIndexRdbLoad ...................................................................................................................................................................................................................................   Passed    0.01 sec
        Start 513: RdbMockTest.testTermDataRdbLoadExceedsGroupIdsLimit
510/796 Test #511: RdbMockTest.testSynonymMapRdbSerialization ..............................................................................................................................................................................................................................   Passed    0.00 sec
        Start 514: RdbMockTest.testSynonymMapRdbLoadValidGroupIds
511/796 Test #512: RdbMockTest.testSynonymMapRdbLoadExceedsTermsLimit ......................................................................................................................................................................................................................   Passed    0.00 sec
        Start 515: RdbMockTest.testTrieRdbLoadMoreThan65535Elements
512/796 Test #513: RdbMockTest.testTermDataRdbLoadExceedsGroupIdsLimit .....................................................................................................................................................................................................................   Passed    0.00 sec
        Start 516: RdbMockTest.testTriePayloadNoOverflow
513/796 Test #514: RdbMockTest.testSynonymMapRdbLoadValidGroupIds ..........................................................................................................................................................................................................................   Passed    0.01 sec
        Start 517: RdbMockTest.testTriePayloadOverflowDirectInsert
514/796 Test #516: RdbMockTest.testTriePayloadNoOverflow ...................................................................................................................................................................................................................................   Passed    0.01 sec
        Start 518: RdbMockTest.testSchemaPrefixesRdbLoadExceedsLimit
515/796 Test #517: RdbMockTest.testTriePayloadOverflowDirectInsert .........................................................................................................................................................................................................................   Passed    0.00 sec
        Start 519: RdbMockTest.testStopWordListRdbLoadExceedsLimit
516/796 Test #518: RdbMockTest.testSchemaPrefixesRdbLoadExceedsLimit .......................................................................................................................................................................................................................   Passed    0.00 sec
        Start 520: RdbMockTest.testDocTableLegacyRdbLoadOverflow
517/796 Test #519: RdbMockTest.testStopWordListRdbLoadExceedsLimit .........................................................................................................................................................................................................................   Passed    0.01 sec
        Start 521: RdbMockTest.testHnswRerankRdbRoundtrip
518/796 Test #520: RdbMockTest.testDocTableLegacyRdbLoadOverflow ...........................................................................................................................................................................................................................   Passed    0.01 sec
        Start 522: ResultProcessorTest.testProcessorChain
519/796 Test #521: RdbMockTest.testHnswRerankRdbRoundtrip ..................................................................................................................................................................................................................................   Passed    0.00 sec
        Start 523: ResultProcessorTest.testmergeFlags_NoFlags
520/796 Test #523: ResultProcessorTest.testmergeFlags_NoFlags ..............................................................................................................................................................................................................................   Passed    0.00 sec
        Start 524: ResultProcessorTest.testmergeFlags_ExpiredDoc
521/796 Test #522: ResultProcessorTest.testProcessorChain ..................................................................................................................................................................................................................................   Passed    0.01 sec
        Start 525: ResultProcessorTest.testmergeFlags_OwnsIndexResultNotPropagated
522/796 Test #524: ResultProcessorTest.testmergeFlags_ExpiredDoc ...........................................................................................................................................................................................................................   Passed    0.00 sec
        Start 526: SchemaRuleTest.testCreateFromACPrefixes
523/796 Test #525: ResultProcessorTest.testmergeFlags_OwnsIndexResultNotPropagated .........................................................................................................................................................................................................   Passed    0.00 sec
        Start 527: SchemaRuleTest.testCreateFromACEquivalentToCArray
524/796 Test #526: SchemaRuleTest.testCreateFromACPrefixes .................................................................................................................................................................................................................................   Passed    0.00 sec
        Start 528: SchemaRuleTest.testCreateFromACEmpty
525/796 Test #527: SchemaRuleTest.testCreateFromACEquivalentToCArray .......................................................................................................................................................................................................................   Passed    0.00 sec
        Start 529: SchemaRuleTest.testCreateFromACTooManyPrefixes
526/796 Test #528: SchemaRuleTest.testCreateFromACEmpty ....................................................................................................................................................................................................................................   Passed    0.00 sec
        Start 530: SchemaRuleTest.testCreateFromCArrayTooManyPrefixes
527/796 Test #529: SchemaRuleTest.testCreateFromACTooManyPrefixes ..........................................................................................................................................................................................................................   Passed    0.00 sec
        Start 531: SchemaRuleTest.testCreateFromACInvalidType
528/796 Test #530: SchemaRuleTest.testCreateFromCArrayTooManyPrefixes ......................................................................................................................................................................................................................   Passed    0.00 sec
        Start 532: SlotRangesTest.testBinarySerializationBasic
529/796 Test #531: SchemaRuleTest.testCreateFromACInvalidType ..............................................................................................................................................................................................................................   Passed    0.01 sec
        Start 533: SlotRangesTest.testBinarySerializationMultipleRanges
530/796 Test #532: SlotRangesTest.testBinarySerializationBasic .............................................................................................................................................................................................................................   Passed    0.01 sec
        Start 534: SlotRangesTest.testBinaryDeserializationInvalidData
531/796 Test #533: SlotRangesTest.testBinarySerializationMultipleRanges ....................................................................................................................................................................................................................   Passed    0.00 sec
        Start 535: SlotRangesTest.testBinarySerializationManyRanges
532/796 Test #535: SlotRangesTest.testBinarySerializationManyRanges ........................................................................................................................................................................................................................   Passed    0.00 sec
        Start 536: SlotRangesTest.testBinarySerializationExtremeValues
533/796 Test #534: SlotRangesTest.testBinaryDeserializationInvalidData .....................................................................................................................................................................................................................   Passed    0.01 sec
        Start 537: SlotRangesTest.testBinarySerializationVeryManyRanges
534/796 Test #536: SlotRangesTest.testBinarySerializationExtremeValues .....................................................................................................................................................................................................................   Passed    0.00 sec
        Start 538: SlotRangesTest.testRedisClusterSlotRanges
535/796 Test #537: SlotRangesTest.testBinarySerializationVeryManyRanges ....................................................................................................................................................................................................................   Passed    0.00 sec
        Start 539: SlotRangesTest.testSlotsCanAccessKeysInSlot
536/796 Test #538: SlotRangesTest.testRedisClusterSlotRanges ...............................................................................................................................................................................................................................   Passed    0.00 sec
        Start 540: StopwordsInfoTest.testInfoEmptyList
537/796 Test #539: SlotRangesTest.testSlotsCanAccessKeysInSlot .............................................................................................................................................................................................................................   Passed    0.00 sec
        Start 541: StopwordsInfoTest.testInfoTerm
538/796 Test #540: StopwordsInfoTest.testInfoEmptyList .....................................................................................................................................................................................................................................   Passed    0.00 sec
        Start 542: StopwordsInfoTest.testInfoNullList
539/796 Test #541: StopwordsInfoTest.testInfoTerm ..........................................................................................................................................................................................................................................   Passed    0.00 sec
        Start 543: SuffixChooseTokenTest.questionMarkInFirstTokenStillSelects
540/796 Test #542: StopwordsInfoTest.testInfoNullList ......................................................................................................................................................................................................................................   Passed    0.00 sec
        Start 544: SuffixChooseTokenTest.multipleStarsSelectByTokenOrdinal
541/796 Test #515: RdbMockTest.testTrieRdbLoadMoreThan65535Elements ........................................................................................................................................................................................................................   Passed    0.08 sec
        Start 545: SuffixChooseTokenTest.runeAgreesWithChar
542/796 Test #543: SuffixChooseTokenTest.questionMarkInFirstTokenStillSelects ..............................................................................................................................................................................................................   Passed    0.01 sec
        Start 546: SuffixChooseTokenTest.noTokenIsUninitialized
543/796 Test #544: SuffixChooseTokenTest.multipleStarsSelectByTokenOrdinal .................................................................................................................................................................................................................   Passed    0.01 sec
        Start 547: SuffixChooseTokenTest.shortTokensAreSelected
544/796 Test #545: SuffixChooseTokenTest.runeAgreesWithChar ................................................................................................................................................................................................................................   Passed    0.00 sec
        Start 548: SuffixChooseTokenTest.multiByteCharsScoredByRune
545/796 Test #546: SuffixChooseTokenTest.noTokenIsUninitialized ............................................................................................................................................................................................................................   Passed    0.01 sec
        Start 549: TagIndexTest.testCreate
546/796 Test #547: SuffixChooseTokenTest.shortTokensAreSelected ............................................................................................................................................................................................................................   Passed    0.01 sec
        Start 550: TagIndexTest.testDuplicateTagValuesCountOnce
547/796 Test #548: SuffixChooseTokenTest.multiByteCharsScoredByRune ........................................................................................................................................................................................................................   Passed    0.01 sec
        Start 551: TagIndexTest.testSkipToLastId
548/796 Test #550: TagIndexTest.testDuplicateTagValuesCountOnce ............................................................................................................................................................................................................................   Passed    0.00 sec
        Start 552: TagIndexTest.testSepString
549/796 Test #552: TagIndexTest.testSepString ..............................................................................................................................................................................................................................................   Passed    0.00 sec
        Start 553: TagIndexTest.testSepStringIndexEmpty
550/796 Test #551: TagIndexTest.testSkipToLastId ...........................................................................................................................................................................................................................................   Passed    0.01 sec
        Start 554: TagIndexTest.testTokenizeViaPreprocess
551/796 Test #554: TagIndexTest.testTokenizeViaPreprocess ..................................................................................................................................................................................................................................   Passed    0.00 sec
        Start 555: TagIndexTest.testOpenReaderEdgeCases
552/796 Test #553: TagIndexTest.testSepStringIndexEmpty ....................................................................................................................................................................................................................................   Passed    0.01 sec
        Start 556: TagIndexTest.testGetIteratorFromTrieMapValueNull
553/796 Test #549: TagIndexTest.testCreate .................................................................................................................................................................................................................................................   Passed    0.02 sec
        Start 557: TagIndexTest.testCommitAndOverheadWithSuffix
554/796 Test #555: TagIndexTest.testOpenReaderEdgeCases ....................................................................................................................................................................................................................................   Passed    0.00 sec
        Start 558: TokenizerTest.testTokenize
555/796 Test #556: TagIndexTest.testGetIteratorFromTrieMapValueNull ........................................................................................................................................................................................................................   Passed    0.00 sec
        Start 559: TokenizerTest.testChineseMixed
556/796 Test #557: TagIndexTest.testCommitAndOverheadWithSuffix ............................................................................................................................................................................................................................   Passed    0.01 sec
        Start 560: TokenizerTest.testTrailingEscapes
557/796 Test #558: TokenizerTest.testTokenize ..............................................................................................................................................................................................................................................   Passed    0.01 sec
        Start 561: TokenizerTest.testEscapedSeparator
558/796 Test #561: TokenizerTest.testEscapedSeparator ......................................................................................................................................................................................................................................   Passed    0.00 sec
        Start 562: TokenizerTest.testKoreanLanguage
559/796 Test #562: TokenizerTest.testKoreanLanguage ........................................................................................................................................................................................................................................   Passed    0.00 sec
        Start 563: TrieTest.testBasicRange
560/796 Test #563: TrieTest.testBasicRange .................................................................................................................................................................................................................................................   Passed    0.00 sec
        Start 564: TrieTest.testBasicRangeWithScore
561/796 Test #564: TrieTest.testBasicRangeWithScore ........................................................................................................................................................................................................................................   Passed    0.00 sec
        Start 565: TrieTest.testRangeBoundaryPrefix
562/796 Test #565: TrieTest.testRangeBoundaryPrefix ........................................................................................................................................................................................................................................   Passed    0.00 sec
        Start 566: TrieTest.testDeepEntry
563/796 Test #566: TrieTest.testDeepEntry ..................................................................................................................................................................................................................................................   Passed    0.00 sec
        Start 567: TrieTest.testPayload
564/796 Test #567: TrieTest.testPayload ....................................................................................................................................................................................................................................................   Passed    0.01 sec
        Start 568: TrieTest.testFreeCallback
565/796 Test #560: TokenizerTest.testTrailingEscapes .......................................................................................................................................................................................................................................   Passed    0.04 sec
        Start 569: TrieTest.testLexOrder
566/796 Test #568: TrieTest.testFreeCallback ...............................................................................................................................................................................................................................................   Passed    0.00 sec
        Start 570: TrieTest.testScoreOrder
567/796 Test #559: TokenizerTest.testChineseMixed ..........................................................................................................................................................................................................................................   Passed    0.04 sec
        Start 571: TrieTest.testSubtreeMaxScoreCoversIncrAndSplit
568/796 Test #569: TrieTest.testLexOrder ...................................................................................................................................................................................................................................................   Passed    0.01 sec
        Start 572: TrieTest.testScoreOrderMaintainedAfterIncrStorm
569/796 Test #570: TrieTest.testScoreOrder .................................................................................................................................................................................................................................................   Passed    0.01 sec
        Start 573: TrieTest.testRotateChildIntoPlace
570/796 Test #571: TrieTest.testSubtreeMaxScoreCoversIncrAndSplit ..........................................................................................................................................................................................................................   Passed    0.01 sec
        Start 574: TrieTest.testBasicRdbSaveLoad
571/796 Test #572: TrieTest.testScoreOrderMaintainedAfterIncrStorm .........................................................................................................................................................................................................................   Passed    0.00 sec
        Start 575: TrieTest.testRdbSaveLoadWithPayloads
572/796 Test #573: TrieTest.testRotateChildIntoPlace .......................................................................................................................................................................................................................................   Passed    0.00 sec
        Start 576: TrieTest.testRdbSaveLoadPayloadsNotSerialized
573/796 Test #574: TrieTest.testBasicRdbSaveLoad ...........................................................................................................................................................................................................................................   Passed    0.00 sec
        Start 577: TrieTest.testRdbSaveLoadWithoutPayloads
574/796 Test #576: TrieTest.testRdbSaveLoadPayloadsNotSerialized ...........................................................................................................................................................................................................................   Passed    0.00 sec
        Start 578: TrieTest.testRdbSaveLoadEmptyTrie
575/796 Test #575: TrieTest.testRdbSaveLoadWithPayloads ....................................................................................................................................................................................................................................   Passed    0.01 sec
        Start 579: TrieTest.testRdbSaveLoadLexSortedTrie
576/796 Test #577: TrieTest.testRdbSaveLoadWithoutPayloads .................................................................................................................................................................................................................................   Passed    0.01 sec
        Start 580: TrieTest.testDecrementNumDocsRepresentable
577/796 Test #578: TrieTest.testRdbSaveLoadEmptyTrie .......................................................................................................................................................................................................................................   Passed    0.00 sec
        Start 581: TrieTest.testDecrementNumDocsMissingRepresentable
578/796 Test #579: TrieTest.testRdbSaveLoadLexSortedTrie ...................................................................................................................................................................................................................................   Passed    0.00 sec
        Start 582: TrieTest.testDecrementNumDocsUnrepresentableLongTerm
579/796 Test #580: TrieTest.testDecrementNumDocsRepresentable ..............................................................................................................................................................................................................................   Passed    0.00 sec
        Start 583: TrieTest.testRdbSaveLoadLexRangePreservesQueries
580/796 Test #582: TrieTest.testDecrementNumDocsUnrepresentableLongTerm ....................................................................................................................................................................................................................   Passed    0.00 sec
        Start 584: TrieTest.testRdbSaveLoadWithNumDocs
581/796 Test #581: TrieTest.testDecrementNumDocsMissingRepresentable .......................................................................................................................................................................................................................   Passed    0.01 sec
        Start 585: TrieTest.testSearchTrimDropsTail
582/796 Test #583: TrieTest.testRdbSaveLoadLexRangePreservesQueries ........................................................................................................................................................................................................................   Passed    0.00 sec
        Start 586: UnicodeToLowerTest.testBasicLowercase
583/796 Test #584: TrieTest.testRdbSaveLoadWithNumDocs .....................................................................................................................................................................................................................................   Passed    0.00 sec
        Start 587: UnicodeToLowerTest.testUnicodeCharacters
584/796 Test #585: TrieTest.testSearchTrimDropsTail ........................................................................................................................................................................................................................................   Passed    0.00 sec
        Start 588: UnicodeToLowerTest.testEmptyAndSpecialCases
585/796 Test #586: UnicodeToLowerTest.testBasicLowercase ...................................................................................................................................................................................................................................   Passed    0.00 sec
        Start 589: UnicodeToLowerTest.testLongString
586/796 Test #587: UnicodeToLowerTest.testUnicodeCharacters ................................................................................................................................................................................................................................   Passed    0.00 sec
        Start 590: UnicodeToLowerTest.testSpecialUnicodeCase
587/796 Test #588: UnicodeToLowerTest.testEmptyAndSpecialCases .............................................................................................................................................................................................................................   Passed    0.00 sec
        Start 591: UnicodeToLowerTest.testTurkishDottedI
588/796 Test #589: UnicodeToLowerTest.testLongString .......................................................................................................................................................................................................................................   Passed    0.00 sec
        Start 592: UnicodeToLowerTest.testSupplementaryPlaneBit12
589/796 Test #591: UnicodeToLowerTest.testTurkishDottedI ...................................................................................................................................................................................................................................   Passed    0.00 sec
        Start 593: UnicodeToLowerTest.testSupplementaryPlaneNoBit12
590/796 Test #590: UnicodeToLowerTest.testSpecialUnicodeCase ...............................................................................................................................................................................................................................   Passed    0.01 sec
        Start 594: UnicodeToLowerTest.testEmbeddedNulAsciiPrefix
591/796 Test #592: UnicodeToLowerTest.testSupplementaryPlaneBit12 ..........................................................................................................................................................................................................................   Passed    0.00 sec
        Start 595: UnicodeToLowerTest.testEmbeddedNulAtStart
592/796 Test #593: UnicodeToLowerTest.testSupplementaryPlaneNoBit12 ........................................................................................................................................................................................................................   Passed    0.00 sec
        Start 596: UnicodeToLowerTest.testEmbeddedNulBeforeMultibyte
593/796 Test #594: UnicodeToLowerTest.testEmbeddedNulAsciiPrefix ...........................................................................................................................................................................................................................   Passed    0.00 sec
        Start 597: UnicodeToLowerTest.testEmbeddedNulAfterMultibyte
594/796 Test #595: UnicodeToLowerTest.testEmbeddedNulAtStart ...............................................................................................................................................................................................................................   Passed    0.00 sec
        Start 598: UtilsTest.testDoublesHeap
595/796 Test #596: UnicodeToLowerTest.testEmbeddedNulBeforeMultibyte .......................................................................................................................................................................................................................   Passed    0.00 sec
        Start 599: UtilsTest.testHLL
596/796 Test #597: UnicodeToLowerTest.testEmbeddedNulAfterMultibyte ........................................................................................................................................................................................................................   Passed    0.00 sec
        Start 600: ValueTest.testBasic
597/796 Test #599: UtilsTest.testHLL .......................................................................................................................................................................................................................................................   Passed    0.00 sec
        Start 601: ValueTest.testArray
598/796 Test #598: UtilsTest.testDoublesHeap ...............................................................................................................................................................................................................................................   Passed    0.01 sec
        Start 602: ValueTest.testNumericFormat
599/796 Test #600: ValueTest.testBasic .....................................................................................................................................................................................................................................................   Passed    0.01 sec
        Start 603: WorkersAdminJobsMetricTest.MetricIncreasesOnThreadResize
600/796 Test #601: ValueTest.testArray .....................................................................................................................................................................................................................................................   Passed    0.00 sec
        Start 604: BinarySlotRangeVariations/AREQBinarySlotRangeTest.testBinarySlotRangeParsing/56-byte object <90-3D 7F-AF AA-AA 00-00 94-3D 7F-AF AA-AA 00-00 94-3D 7F-AF AA-AA 00-00 50-3D 7F-AF AA-AA 00-00 11-00 00-00 00-00 00-00 11-00 00-00 00-00 00-00 00-00 00-00 00-00 00-00>
601/796 Test #602: ValueTest.testNumericFormat .............................................................................................................................................................................................................................................   Passed    0.00 sec
        Start 605: BinarySlotRangeVariations/AREQBinarySlotRangeTest.testBinarySlotRangeParsing/56-byte object <70-3D 7F-AF AA-AA 00-00 7C-3D 7F-AF AA-AA 00-00 7C-3D 7F-AF AA-AA 00-00 10-3D 7F-AF AA-AA 00-00 11-00 00-00 00-00 00-00 11-00 00-00 00-00 00-00 00-00 00-00 00-00 00-00>
602/796 Test #604: BinarySlotRangeVariations/AREQBinarySlotRangeTest.testBinarySlotRangeParsing/56-byte object <90-3D 7F-AF AA-AA 00-00 94-3D 7F-AF AA-AA 00-00 94-3D 7F-AF AA-AA 00-00 50-3D 7F-AF AA-AA 00-00 11-00 00-00 00-00 00-00 11-00 00-00 00-00 00-00 00-00 00-00 00-00 00-00> ...   Passed    0.00 sec
        Start 606: BinarySlotRangeVariations/AREQBinarySlotRangeTest.testBinarySlotRangeParsing/56-byte object <30-36 7F-AF AA-AA 00-00 34-36 7F-AF AA-AA 00-00 34-36 7F-AF AA-AA 00-00 E0-36 7F-AF AA-AA 00-00 14-00 00-00 00-00 00-00 14-00 00-00 00-00 00-00 00-00 00-00 00-00 00-00>
603/796 Test #605: BinarySlotRangeVariations/AREQBinarySlotRangeTest.testBinarySlotRangeParsing/56-byte object <70-3D 7F-AF AA-AA 00-00 7C-3D 7F-AF AA-AA 00-00 7C-3D 7F-AF AA-AA 00-00 10-3D 7F-AF AA-AA 00-00 11-00 00-00 00-00 00-00 11-00 00-00 00-00 00-00 00-00 00-00 00-00 00-00> ...   Passed    0.00 sec
        Start 607: BinarySlotRangeVariations/AREQBinarySlotRangeTest.testBinarySlotRangeParsing/56-byte object <50-36 7F-AF AA-AA 00-00 58-36 7F-AF AA-AA 00-00 58-36 7F-AF AA-AA 00-00 90-36 7F-AF AA-AA 00-00 19-00 00-00 00-00 00-00 19-00 00-00 00-00 00-00 00-00 00-00 00-00 00-00>
604/796 Test #606: BinarySlotRangeVariations/AREQBinarySlotRangeTest.testBinarySlotRangeParsing/56-byte object <30-36 7F-AF AA-AA 00-00 34-36 7F-AF AA-AA 00-00 34-36 7F-AF AA-AA 00-00 E0-36 7F-AF AA-AA 00-00 14-00 00-00 00-00 00-00 14-00 00-00 00-00 00-00 00-00 00-00 00-00 00-00> ...   Passed    0.00 sec
        Start 608: BinarySlotRangeVariations/AREQBinarySlotRangeTest.testBinarySlotRangeParsing/56-byte object <50-36 7F-AF AA-AA 00-00 58-36 7F-AF AA-AA 00-00 58-36 7F-AF AA-AA 00-00 90-36 7F-AF AA-AA 00-00 1A-00 00-00 00-00 00-00 1A-00 00-00 00-00 00-00 00-00 00-00 00-00 00-00>
605/796 Test #607: BinarySlotRangeVariations/AREQBinarySlotRangeTest.testBinarySlotRangeParsing/56-byte object <50-36 7F-AF AA-AA 00-00 58-36 7F-AF AA-AA 00-00 58-36 7F-AF AA-AA 00-00 90-36 7F-AF AA-AA 00-00 19-00 00-00 00-00 00-00 19-00 00-00 00-00 00-00 00-00 00-00 00-00 00-00> ...   Passed    0.00 sec
        Start 609: BinarySlotRangeVariations/AREQBinarySlotRangeTest.testBinarySlotRangeParsing/56-byte object <50-36 7F-AF AA-AA 00-00 60-36 7F-AF AA-AA 00-00 60-36 7F-AF AA-AA 00-00 90-36 7F-AF AA-AA 00-00 18-00 00-00 00-00 00-00 18-00 00-00 00-00 00-00 00-00 00-00 00-00 00-00>
606/796 Test #608: BinarySlotRangeVariations/AREQBinarySlotRangeTest.testBinarySlotRangeParsing/56-byte object <50-36 7F-AF AA-AA 00-00 58-36 7F-AF AA-AA 00-00 58-36 7F-AF AA-AA 00-00 90-36 7F-AF AA-AA 00-00 1A-00 00-00 00-00 00-00 1A-00 00-00 00-00 00-00 00-00 00-00 00-00 00-00> ...   Passed    0.00 sec
        Start 610: BinarySlotRangeVariations/AREQBinarySlotRangeTest.testBinarySlotRangeParsing/56-byte object <50-36 7F-AF AA-AA 00-00 54-36 7F-AF AA-AA 00-00 54-36 7F-AF AA-AA 00-00 48-2F 7F-AF AA-AA 00-00 0E-00 00-00 00-00 00-00 6D-61 78-5F 73-6C 6F-74 5F-72 61-6E 67-65 00-00>
607/796 Test #609: BinarySlotRangeVariations/AREQBinarySlotRangeTest.testBinarySlotRangeParsing/56-byte object <50-36 7F-AF AA-AA 00-00 60-36 7F-AF AA-AA 00-00 60-36 7F-AF AA-AA 00-00 90-36 7F-AF AA-AA 00-00 18-00 00-00 00-00 00-00 18-00 00-00 00-00 00-00 00-00 00-00 00-00 00-00> ...   Passed    0.00 sec
        Start 611: BinarySlotRangeVariations/AREQBinarySlotRangeTest.testBinarySlotRangeParsing/56-byte object <50-36 7F-AF AA-AA 00-00 5C-36 7F-AF AA-AA 00-00 5C-36 7F-AF AA-AA 00-00 70-5C 7F-AF AA-AA 00-00 1E-00 00-00 00-00 00-00 1E-00 00-00 00-00 00-00 5F-72 61-6E 67-65 00-00>
608/796 Test #610: BinarySlotRangeVariations/AREQBinarySlotRangeTest.testBinarySlotRangeParsing/56-byte object <50-36 7F-AF AA-AA 00-00 54-36 7F-AF AA-AA 00-00 54-36 7F-AF AA-AA 00-00 48-2F 7F-AF AA-AA 00-00 0E-00 00-00 00-00 00-00 6D-61 78-5F 73-6C 6F-74 5F-72 61-6E 67-65 00-00> ...   Passed    0.00 sec
        Start 612: BinarySlotRangeVariations/AREQBinarySlotRangeTest.testBinarySlotRangeParsing/56-byte object <50-36 7F-AF AA-AA 00-00 5C-36 7F-AF AA-AA 00-00 5C-36 7F-AF AA-AA 00-00 70-5C 7F-AF AA-AA 00-00 20-00 00-00 00-00 00-00 20-00 00-00 00-00 00-00 5F-72 61-6E 67-65 00-00>
609/796 Test #611: BinarySlotRangeVariations/AREQBinarySlotRangeTest.testBinarySlotRangeParsing/56-byte object <50-36 7F-AF AA-AA 00-00 5C-36 7F-AF AA-AA 00-00 5C-36 7F-AF AA-AA 00-00 70-5C 7F-AF AA-AA 00-00 1E-00 00-00 00-00 00-00 1E-00 00-00 00-00 00-00 5F-72 61-6E 67-65 00-00> ...   Passed    0.00 sec
        Start 613: BinarySlotRangeVariations/AREQBinarySlotRangeTest.testBinarySlotRangeParsing/56-byte object <F0-3E 7F-AF AA-AA 00-00 FC-3E 7F-AF AA-AA 00-00 FC-3E 7F-AF AA-AA 00-00 70-5C 7F-AF AA-AA 00-00 20-00 00-00 00-00 00-00 20-00 00-00 00-00 00-00 5F-72 61-6E 67-65 00-00>
610/796 Test #612: BinarySlotRangeVariations/AREQBinarySlotRangeTest.testBinarySlotRangeParsing/56-byte object <50-36 7F-AF AA-AA 00-00 5C-36 7F-AF AA-AA 00-00 5C-36 7F-AF AA-AA 00-00 70-5C 7F-AF AA-AA 00-00 20-00 00-00 00-00 00-00 20-00 00-00 00-00 00-00 5F-72 61-6E 67-65 00-00> ...   Passed    0.00 sec
        Start 614: IndexFlagsP/IndexFlagsTest.testRWFlags/19
611/796 Test #613: BinarySlotRangeVariations/AREQBinarySlotRangeTest.testBinarySlotRangeParsing/56-byte object <F0-3E 7F-AF AA-AA 00-00 FC-3E 7F-AF AA-AA 00-00 FC-3E 7F-AF AA-AA 00-00 70-5C 7F-AF AA-AA 00-00 20-00 00-00 00-00 00-00 20-00 00-00 00-00 00-00 5F-72 61-6E 67-65 00-00> ...   Passed    0.00 sec
        Start 615: IndexFlagsP/IndexFlagsTest.testRWFlags/147
612/796 Test #614: IndexFlagsP/IndexFlagsTest.testRWFlags/19 ...............................................................................................................................................................................................................................   Passed    0.00 sec
        Start 616: IndexFlagsP/IndexFlagsTest.testRWFlags/18
613/796 Test #615: IndexFlagsP/IndexFlagsTest.testRWFlags/147 ..............................................................................................................................................................................................................................   Passed    0.00 sec
        Start 617: IndexFlagsP/IndexFlagsTest.testRWFlags/146
614/796 Test #616: IndexFlagsP/IndexFlagsTest.testRWFlags/18 ...............................................................................................................................................................................................................................   Passed    0.00 sec
        Start 618: IndexFlagsP/IndexFlagsTest.testRWFlags/16
615/796 Test #617: IndexFlagsP/IndexFlagsTest.testRWFlags/146 ..............................................................................................................................................................................................................................   Passed    0.00 sec
        Start 619: IndexFlagsP/IndexFlagsTest.testRWFlags/2
616/796 Test #618: IndexFlagsP/IndexFlagsTest.testRWFlags/16 ...............................................................................................................................................................................................................................   Passed    0.00 sec
        Start 620: IndexFlagsP/IndexFlagsTest.testRWFlags/130
617/796 Test #619: IndexFlagsP/IndexFlagsTest.testRWFlags/2 ................................................................................................................................................................................................................................   Passed    0.00 sec
        Start 621: IndexFlagsP/IndexFlagsTest.testRWFlags/3
618/796 Test #620: IndexFlagsP/IndexFlagsTest.testRWFlags/130 ..............................................................................................................................................................................................................................   Passed    0.00 sec
        Start 622: IndexFlagsP/IndexFlagsTest.testRWFlags/131
619/796 Test #621: IndexFlagsP/IndexFlagsTest.testRWFlags/3 ................................................................................................................................................................................................................................   Passed    0.00 sec
        Start 623: IndexFlagsP/IndexFlagsTest.testRWFlags/1
620/796 Test #622: IndexFlagsP/IndexFlagsTest.testRWFlags/131 ..............................................................................................................................................................................................................................   Passed    0.00 sec
        Start 624: IndexFlagsP/IndexFlagsTest.testRWFlags/17
621/796 Test #623: IndexFlagsP/IndexFlagsTest.testRWFlags/1 ................................................................................................................................................................................................................................   Passed    0.00 sec
        Start 625: IndexFlagsP/IndexFlagsTest.testRWFlags/0
622/796 Test #624: IndexFlagsP/IndexFlagsTest.testRWFlags/17 ...............................................................................................................................................................................................................................   Passed    0.00 sec
        Start 626: LockingVariants/RPSafeDepleterTest.RPSafeDepleter_Basic/WithoutIndexLock  # GetParam() = false
623/796 Test #625: IndexFlagsP/IndexFlagsTest.testRWFlags/0 ................................................................................................................................................................................................................................   Passed    0.00 sec
        Start 627: LockingVariants/RPSafeDepleterTest.RPSafeDepleter_Basic/WithIndexLock  # GetParam() = true
624/796 Test #626: LockingVariants/RPSafeDepleterTest.RPSafeDepleter_Basic/WithoutIndexLock  # GetParam() = false ..........................................................................................................................................................................   Passed    0.01 sec
        Start 628: LockingVariants/RPSafeDepleterTest.RPSafeDepleter_Timeout/WithoutIndexLock  # GetParam() = false
625/796 Test #627: LockingVariants/RPSafeDepleterTest.RPSafeDepleter_Basic/WithIndexLock  # GetParam() = true ..............................................................................................................................................................................   Passed    0.01 sec
        Start 629: LockingVariants/RPSafeDepleterTest.RPSafeDepleter_Timeout/WithIndexLock  # GetParam() = true
626/796 Test #628: LockingVariants/RPSafeDepleterTest.RPSafeDepleter_Timeout/WithoutIndexLock  # GetParam() = false ........................................................................................................................................................................   Passed    0.00 sec
        Start 630: LockingVariants/RPSafeDepleterTest.RPSafeDepleter_CrossWakeup/WithoutIndexLock  # GetParam() = false
627/796 Test #629: LockingVariants/RPSafeDepleterTest.RPSafeDepleter_Timeout/WithIndexLock  # GetParam() = true ............................................................................................................................................................................   Passed    0.00 sec
        Start 631: LockingVariants/RPSafeDepleterTest.RPSafeDepleter_CrossWakeup/WithIndexLock  # GetParam() = true
628/796 Test #603: WorkersAdminJobsMetricTest.MetricIncreasesOnThreadResize ................................................................................................................................................................................................................   Passed    0.11 sec
        Start 632: LockingVariants/RPSafeDepleterTest.RPSafeDepleter_Error/WithoutIndexLock  # GetParam() = false
629/796 Test #632: LockingVariants/RPSafeDepleterTest.RPSafeDepleter_Error/WithoutIndexLock  # GetParam() = false ..........................................................................................................................................................................   Passed    0.01 sec
        Start 633: LockingVariants/RPSafeDepleterTest.RPSafeDepleter_Error/WithIndexLock  # GetParam() = true
630/796 Test #633: LockingVariants/RPSafeDepleterTest.RPSafeDepleter_Error/WithIndexLock  # GetParam() = true ..............................................................................................................................................................................   Passed    0.01 sec
        Start 634: LockingVariants/RPSafeDepleterTest.RPSafeDepleter_LazyTimeoutThenWaitForCompletion/WithoutIndexLock  # GetParam() = false
631/796 Test #634: LockingVariants/RPSafeDepleterTest.RPSafeDepleter_LazyTimeoutThenWaitForCompletion/WithoutIndexLock  # GetParam() = false ...............................................................................................................................................   Passed    0.01 sec
        Start 635: LockingVariants/RPSafeDepleterTest.RPSafeDepleter_LazyTimeoutThenWaitForCompletion/WithIndexLock  # GetParam() = true
632/796 Test #635: LockingVariants/RPSafeDepleterTest.RPSafeDepleter_LazyTimeoutThenWaitForCompletion/WithIndexLock  # GetParam() = true ...................................................................................................................................................   Passed    0.01 sec
        Start 636: LockingVariants/RPSafeDepleterTest.RPSafeDepleter_StartDepletionTimeoutBailout/WithoutIndexLock  # GetParam() = false
633/796 Test #636: LockingVariants/RPSafeDepleterTest.RPSafeDepleter_StartDepletionTimeoutBailout/WithoutIndexLock  # GetParam() = false ...................................................................................................................................................   Passed    0.02 sec
        Start 637: LockingVariants/RPSafeDepleterTest.RPSafeDepleter_StartDepletionTimeoutBailout/WithIndexLock  # GetParam() = true
634/796 Test #637: LockingVariants/RPSafeDepleterTest.RPSafeDepleter_StartDepletionTimeoutBailout/WithIndexLock  # GetParam() = true .......................................................................................................................................................   Passed    0.03 sec
        Start 638: PriorityThpoolTestBasic/PriorityThpoolTestBasic.AllLowPriority/16-byte object <01-00 00-00 00-00 00-00 01-00 00-00 00-00 00-00>
635/796 Test #205: FGCTestTag.testPipeErrorDuringApply .....................................................................................................................................................................................................................................   Passed    1.79 sec
        Start 639: PriorityThpoolTestBasic/PriorityThpoolTestBasic.AllHighPriority/16-byte object <01-00 00-00 00-00 00-00 01-00 00-00 00-00 00-00>
636/796 Test #638: PriorityThpoolTestBasic/PriorityThpoolTestBasic.AllLowPriority/16-byte object <01-00 00-00 00-00 00-00 01-00 00-00 00-00 00-00> .........................................................................................................................................   Passed    1.03 sec
        Start 640: PriorityThpoolTestBasic/PriorityThpoolTestBasic.HighLowHighTest/16-byte object <01-00 00-00 00-00 00-00 01-00 00-00 00-00 00-00>
637/796 Test #640: PriorityThpoolTestBasic/PriorityThpoolTestBasic.HighLowHighTest/16-byte object <01-00 00-00 00-00 00-00 01-00 00-00 00-00 00-00> ........................................................................................................................................   Passed    0.42 sec
        Start 641: PriorityThpoolTestWithoutBiasThreads/PriorityThpoolTestWithoutBiasThreads.CombinationTest/16-byte object <01-00 00-00 00-00 00-00 00-00 00-00 00-00 00-00>
638/796 Test #631: LockingVariants/RPSafeDepleterTest.RPSafeDepleter_CrossWakeup/WithIndexLock  # GetParam() = true ........................................................................................................................................................................   Passed    2.01 sec
        Start 642: PriorityThpoolTestFunctionality/PriorityThpoolTestFunctionality.TestTerminateWhenEmpty/16-byte object <02-00 00-00 00-00 00-00 00-00 00-00 00-00 00-00>
639/796 Test #630: LockingVariants/RPSafeDepleterTest.RPSafeDepleter_CrossWakeup/WithoutIndexLock  # GetParam() = false ....................................................................................................................................................................   Passed    2.02 sec
        Start 643: PriorityThpoolTestFunctionality/PriorityThpoolTestFunctionality.TestPauseResume/16-byte object <02-00 00-00 00-00 00-00 00-00 00-00 00-00 00-00>
640/796 Test #639: PriorityThpoolTestBasic/PriorityThpoolTestBasic.AllHighPriority/16-byte object <01-00 00-00 00-00 00-00 01-00 00-00 00-00 00-00> ........................................................................................................................................   Passed    1.04 sec
        Start 644: PriorityThpoolTestRuntimeConfig/PriorityThpoolTestRuntimeConfig.TestRemoveThreads/16-byte object <05-00 00-00 00-00 00-00 00-00 00-00 00-00 00-00>
641/796 Test #642: PriorityThpoolTestFunctionality/PriorityThpoolTestFunctionality.TestTerminateWhenEmpty/16-byte object <02-00 00-00 00-00 00-00 00-00 00-00 00-00 00-00> .................................................................................................................   Passed    0.03 sec
        Start 645: PriorityThpoolTestRuntimeConfig/PriorityThpoolTestRuntimeConfig.TestAddThreads/16-byte object <05-00 00-00 00-00 00-00 00-00 00-00 00-00 00-00>
642/796 Test #645: PriorityThpoolTestRuntimeConfig/PriorityThpoolTestRuntimeConfig.TestAddThreads/16-byte object <05-00 00-00 00-00 00-00 00-00 00-00 00-00 00-00> .........................................................................................................................   Passed    0.02 sec
        Start 646: PriorityThpoolTestRuntimeConfig/PriorityThpoolTestRuntimeConfig.TestReinitializeThreadsWhileTerminateWhenEmptyCase1a/16-byte object <05-00 00-00 00-00 00-00 00-00 00-00 00-00 00-00>
643/796 Test #641: PriorityThpoolTestWithoutBiasThreads/PriorityThpoolTestWithoutBiasThreads.CombinationTest/16-byte object <01-00 00-00 00-00 00-00 00-00 00-00 00-00 00-00> ..............................................................................................................   Passed    0.53 sec
        Start 647: PriorityThpoolTestRuntimeConfig/PriorityThpoolTestRuntimeConfig.TestReinitializeThreadsWhileTerminateWhenEmptyCase1b/16-byte object <05-00 00-00 00-00 00-00 00-00 00-00 00-00 00-00>
644/796 Test #644: PriorityThpoolTestRuntimeConfig/PriorityThpoolTestRuntimeConfig.TestRemoveThreads/16-byte object <05-00 00-00 00-00 00-00 00-00 00-00 00-00 00-00> ......................................................................................................................   Passed    0.12 sec
        Start 648: PriorityThpoolTestRuntimeConfig/PriorityThpoolTestRuntimeConfig.TestReinitializeThreadsWhileTerminateWhenEmptyCase1b2/16-byte object <05-00 00-00 00-00 00-00 00-00 00-00 00-00 00-00>
645/796 Test #647: PriorityThpoolTestRuntimeConfig/PriorityThpoolTestRuntimeConfig.TestReinitializeThreadsWhileTerminateWhenEmptyCase1b/16-byte object <05-00 00-00 00-00 00-00 00-00 00-00 00-00 00-00> ...................................................................................   Passed    0.02 sec
        Start 649: PriorityThpoolTestRuntimeConfig/PriorityThpoolTestRuntimeConfig.TestSetToZeroWhileTerminateWhenEmpty/16-byte object <05-00 00-00 00-00 00-00 00-00 00-00 00-00 00-00>
646/796 Test #648: PriorityThpoolTestRuntimeConfig/PriorityThpoolTestRuntimeConfig.TestReinitializeThreadsWhileTerminateWhenEmptyCase1b2/16-byte object <05-00 00-00 00-00 00-00 00-00 00-00 00-00 00-00> ..................................................................................   Passed    0.03 sec
        Start 650: PriorityThpoolTestRuntimeConfig/PriorityThpoolTestRuntimeConfig.TestWorkerCanAddJobsWhileTerminateWhenEmpty/16-byte object <05-00 00-00 00-00 00-00 00-00 00-00 00-00 00-00>
647/796 Test #646: PriorityThpoolTestRuntimeConfig/PriorityThpoolTestRuntimeConfig.TestReinitializeThreadsWhileTerminateWhenEmptyCase1a/16-byte object <05-00 00-00 00-00 00-00 00-00 00-00 00-00 00-00> ...................................................................................   Passed    0.12 sec
        Start 651: PriorityThpoolTestRuntimeConfig/PriorityThpoolTestRuntimeConfig.TestAddThreadsToEmptyPool/16-byte object <05-00 00-00 00-00 00-00 00-00 00-00 00-00 00-00>
648/796 Test #650: PriorityThpoolTestRuntimeConfig/PriorityThpoolTestRuntimeConfig.TestWorkerCanAddJobsWhileTerminateWhenEmpty/16-byte object <05-00 00-00 00-00 00-00 00-00 00-00 00-00 00-00> ............................................................................................   Passed    0.12 sec
        Start 652: PriorityThpoolTestBiasAndNonBias/PriorityThpoolTestBiasAndNonBias.TestTakingTasksAsBias/16-byte object <02-00 00-00 00-00 00-00 01-00 00-00 00-00 00-00>
649/796 Test #651: PriorityThpoolTestRuntimeConfig/PriorityThpoolTestRuntimeConfig.TestAddThreadsToEmptyPool/16-byte object <05-00 00-00 00-00 00-00 00-00 00-00 00-00 00-00> ..............................................................................................................   Passed    0.12 sec
        Start 653: test_distagg
650/796 Test #653: test_distagg ............................................................................................................................................................................................................................................................   Passed    0.01 sec
        Start 654: ClusterIOThreadsTest.TestIOThreadsResize
651/796 Test #654: ClusterIOThreadsTest.TestIOThreadsResize ................................................................................................................................................................................................................................   Passed    0.01 sec
        Start 655: ClusterTopologyFromAPITest.ThreeMasters_LocalIsMaster
652/796 Test #655: ClusterTopologyFromAPITest.ThreeMasters_LocalIsMaster ...................................................................................................................................................................................................................   Passed    0.01 sec
        Start 656: ClusterTopologyFromAPITest.NoAuth_PasswordIsNull
653/796 Test #656: ClusterTopologyFromAPITest.NoAuth_PasswordIsNull ........................................................................................................................................................................................................................   Passed    0.01 sec
        Start 657: ClusterTopologyFromAPITest.EmptyAuthString_PasswordIsNull
654/796 Test #657: ClusterTopologyFromAPITest.EmptyAuthString_PasswordIsNull ...............................................................................................................................................................................................................   Passed    0.00 sec
        Start 658: ClusterTopologyFromAPITest.ReplicaFilteredOut
655/796 Test #658: ClusterTopologyFromAPITest.ReplicaFilteredOut ...........................................................................................................................................................................................................................   Passed    0.00 sec
        Start 659: ClusterTopologyFromAPITest.SlotlessMasterFilteredOut
656/796 Test #659: ClusterTopologyFromAPITest.SlotlessMasterFilteredOut ....................................................................................................................................................................................................................   Passed    0.00 sec
        Start 660: ClusterTopologyFromAPITest.InvalidEndpointsSkipped
657/796 Test #660: ClusterTopologyFromAPITest.InvalidEndpointsSkipped ......................................................................................................................................................................................................................   Passed    0.00 sec
        Start 661: ClusterTopologyFromAPITest.LocalIsReplica_NotAnError
658/796 Test #661: ClusterTopologyFromAPITest.LocalIsReplica_NotAnError ....................................................................................................................................................................................................................   Passed    0.00 sec
        Start 662: ClusterTopologyFromAPITest.LocalIsSlotlessMaster_NotAnError
659/796 Test #662: ClusterTopologyFromAPITest.LocalIsSlotlessMaster_NotAnError .............................................................................................................................................................................................................   Passed    0.00 sec
        Start 663: ClusterTopologyFromAPITest.EmptyCluster_ReturnsNull
660/796 Test #649: PriorityThpoolTestRuntimeConfig/PriorityThpoolTestRuntimeConfig.TestSetToZeroWhileTerminateWhenEmpty/16-byte object <05-00 00-00 00-00 00-00 00-00 00-00 00-00 00-00> ...................................................................................................   Passed    0.21 sec
        Start 664: ClusterTopologyFromAPITest.NoValidShards_ReturnsNull
661/796 Test #663: ClusterTopologyFromAPITest.EmptyCluster_ReturnsNull .....................................................................................................................................................................................................................   Passed    0.00 sec
        Start 665: ClusterTopologyFromAPITest.MyselfNotFound_ReturnsNull
662/796 Test #664: ClusterTopologyFromAPITest.NoValidShards_ReturnsNull ....................................................................................................................................................................................................................   Passed    0.00 sec
        Start 666: ClusterTopologyFromAPITest.MultipleSlotRangesPerShard
663/796 Test #665: ClusterTopologyFromAPITest.MyselfNotFound_ReturnsNull ...................................................................................................................................................................................................................   Passed    0.00 sec
        Start 667: ClusterTopologyFromAPITest.SlotRangesAreOwned
664/796 Test #666: ClusterTopologyFromAPITest.MultipleSlotRangesPerShard ...................................................................................................................................................................................................................   Passed    0.00 sec
        Start 668: ClusterSetTest.BasicTopologyParsing_SingleRangePerShard
665/796 Test #667: ClusterTopologyFromAPITest.SlotRangesAreOwned ...........................................................................................................................................................................................................................   Passed    0.00 sec
        Start 669: ClusterSetTest.SingleShardFullRange
666/796 Test #668: ClusterSetTest.BasicTopologyParsing_SingleRangePerShard .................................................................................................................................................................................................................   Passed    0.00 sec
        Start 670: ClusterSetTest.WithUnixSocket
667/796 Test #669: ClusterSetTest.SingleShardFullRange .....................................................................................................................................................................................................................................   Passed    0.00 sec
        Start 671: ClusterSetTest.MultipleRangesPerShard_TwoRanges
668/796 Test #670: ClusterSetTest.WithUnixSocket ...........................................................................................................................................................................................................................................   Passed    0.00 sec
        Start 672: ClusterSetTest.MultipleRangesPerShard_ThreeRanges
669/796 Test #671: ClusterSetTest.MultipleRangesPerShard_TwoRanges .........................................................................................................................................................................................................................   Passed    0.00 sec
        Start 673: ClusterSetTest.MultipleRangesPerShard_MixedConfiguration
670/796 Test #672: ClusterSetTest.MultipleRangesPerShard_ThreeRanges .......................................................................................................................................................................................................................   Passed    0.00 sec
        Start 674: ClusterSetTest.WithReplicas_ReplicasIgnored
671/796 Test #673: ClusterSetTest.MultipleRangesPerShard_MixedConfiguration ................................................................................................................................................................................................................   Passed    0.00 sec
        Start 675: ClusterSetTest.MultipleReplicasPerMaster
672/796 Test #674: ClusterSetTest.WithReplicas_ReplicasIgnored .............................................................................................................................................................................................................................   Passed    0.00 sec
        Start 676: ClusterSetTest.ReplicasWithMultipleRanges
673/796 Test #675: ClusterSetTest.MultipleReplicasPerMaster ................................................................................................................................................................................................................................   Passed    0.00 sec
        Start 677: ClusterSetTest.MissingSLOTRANGE
674/796 Test #676: ClusterSetTest.ReplicasWithMultipleRanges ...............................................................................................................................................................................................................................   Passed    0.00 sec
        Start 678: ClusterSetTest.Error_MissingMYID
675/796 Test #677: ClusterSetTest.MissingSLOTRANGE .........................................................................................................................................................................................................................................   Passed    0.00 sec
        Start 679: ClusterSetTest.Error_MissingRANGES
676/796 Test #678: ClusterSetTest.Error_MissingMYID ........................................................................................................................................................................................................................................   Passed    0.00 sec
        Start 680: ClusterSetTest.Error_BadHashFunc
677/796 Test #679: ClusterSetTest.Error_MissingRANGES ......................................................................................................................................................................................................................................   Passed    0.00 sec
        Start 681: ClusterSetTest.Error_NumSlotsTooLarge
678/796 Test #680: ClusterSetTest.Error_BadHashFunc ........................................................................................................................................................................................................................................   Passed    0.00 sec
        Start 682: ClusterSetTest.Error_TooFewRanges
679/796 Test #681: ClusterSetTest.Error_NumSlotsTooLarge ...................................................................................................................................................................................................................................   Passed    0.00 sec
        Start 683: ClusterSetTest.Error_TooFewRangesGiven
680/796 Test #682: ClusterSetTest.Error_TooFewRanges .......................................................................................................................................................................................................................................   Passed    0.00 sec
        Start 684: ClusterSetTest.Error_TooManyRangesGiven
681/796 Test #652: PriorityThpoolTestBiasAndNonBias/PriorityThpoolTestBiasAndNonBias.TestTakingTasksAsBias/16-byte object <02-00 00-00 00-00 00-00 01-00 00-00 00-00 00-00> ................................................................................................................   Passed    0.12 sec
        Start 685: ClusterSetTest.Error_InvalidSlotRange_StartGreaterThanEnd
682/796 Test #683: ClusterSetTest.Error_TooFewRangesGiven ..................................................................................................................................................................................................................................   Passed    0.00 sec
        Start 686: ClusterSetTest.Error_InvalidSlotRange_EndTooLarge
683/796 Test #684: ClusterSetTest.Error_TooManyRangesGiven .................................................................................................................................................................................................................................   Passed    0.00 sec
        Start 687: ClusterSetTest.Error_InvalidSlotRange_EndTooLargeCustomNumSlots
684/796 Test #685: ClusterSetTest.Error_InvalidSlotRange_StartGreaterThanEnd ...............................................................................................................................................................................................................   Passed    0.00 sec
        Start 688: ClusterSetTest.Error_MissingADDR
685/796 Test #686: ClusterSetTest.Error_InvalidSlotRange_EndTooLarge .......................................................................................................................................................................................................................   Passed    0.00 sec
        Start 689: ClusterSetTest.Error_InvalidADDR
686/796 Test #687: ClusterSetTest.Error_InvalidSlotRange_EndTooLargeCustomNumSlots .........................................................................................................................................................................................................   Passed    0.00 sec
        Start 690: ClusterSetTest.Error_MultipleADDR
687/796 Test #688: ClusterSetTest.Error_MissingADDR ........................................................................................................................................................................................................................................   Passed    0.01 sec
        Start 691: ClusterSetTest.Error_MultipleUNIXADDR
688/796 Test #689: ClusterSetTest.Error_InvalidADDR ........................................................................................................................................................................................................................................   Passed    0.01 sec
        Start 692: ClusterSetTest.Error_MYIDNotFound
689/796 Test #690: ClusterSetTest.Error_MultipleADDR .......................................................................................................................................................................................................................................   Passed    0.00 sec
        Start 693: ClusterSetTest.Error_UnexpectedArgument
690/796 Test #691: ClusterSetTest.Error_MultipleUNIXADDR ...................................................................................................................................................................................................................................   Passed    0.00 sec
        Start 694: ClusterSetTest.Error_MissingSHARD
691/796 Test #692: ClusterSetTest.Error_MYIDNotFound .......................................................................................................................................................................................................................................   Passed    0.00 sec
        Start 695: ClusterSetTest.Error_IncompleteSLOTRANGE_MissingEnd
692/796 Test #693: ClusterSetTest.Error_UnexpectedArgument .................................................................................................................................................................................................................................   Passed    0.00 sec
        Start 696: ClusterSetTest.Error_RANGESCountMismatch_TooFew
693/796 Test #694: ClusterSetTest.Error_MissingSHARD .......................................................................................................................................................................................................................................   Passed    0.00 sec
        Start 697: ClusterSetTest.Error_ExtraArgumentsAfterRanges
694/796 Test #695: ClusterSetTest.Error_IncompleteSLOTRANGE_MissingEnd .....................................................................................................................................................................................................................   Passed    0.00 sec
        Start 698: ClusterSetTest.Error_ZeroRANGES
695/796 Test #696: ClusterSetTest.Error_RANGESCountMismatch_TooFew .........................................................................................................................................................................................................................   Passed    0.00 sec
        Start 699: ClusterSetTest.Error_MissingADDRValue
696/796 Test #697: ClusterSetTest.Error_ExtraArgumentsAfterRanges ..........................................................................................................................................................................................................................   Passed    0.00 sec
        Start 700: ClusterSetTest.Error_MissingUNIXADDRValue
697/796 Test #698: ClusterSetTest.Error_ZeroRANGES .........................................................................................................................................................................................................................................   Passed    0.00 sec
        Start 701: ClusterSetTest.Error_MultipleSLOTRANGE_SameBlock
698/796 Test #699: ClusterSetTest.Error_MissingADDRValue ...................................................................................................................................................................................................................................   Passed    0.00 sec
        Start 702: ClusterSetTest.Error_MultipleADDR_SameBlock
699/796 Test #700: ClusterSetTest.Error_MissingUNIXADDRValue ...............................................................................................................................................................................................................................   Passed    0.00 sec
        Start 703: ClusterSetTest.Error_MultipleUNIXADDR_SameBlock
700/796 Test #701: ClusterSetTest.Error_MultipleSLOTRANGE_SameBlock ........................................................................................................................................................................................................................   Passed    0.00 sec
        Start 704: ClusterSetTest.Error_ConflictingADDR_Password
701/796 Test #702: ClusterSetTest.Error_MultipleADDR_SameBlock .............................................................................................................................................................................................................................   Passed    0.00 sec
        Start 705: ClusterSetTest.Error_ConflictingADDR_Port
702/796 Test #703: ClusterSetTest.Error_MultipleUNIXADDR_SameBlock .........................................................................................................................................................................................................................   Passed    0.00 sec
        Start 706: ClusterSetTest.Error_SLOTRANGE_OutOfOrder
703/796 Test #704: ClusterSetTest.Error_ConflictingADDR_Password ...........................................................................................................................................................................................................................   Passed    0.00 sec
        Start 707: ClusterSetTest.Error_SLOTRANGE_Consecutive
704/796 Test #705: ClusterSetTest.Error_ConflictingADDR_Port ...............................................................................................................................................................................................................................   Passed    0.00 sec
        Start 708: ClusterSetTest.EdgeCase_SingleSlotRange
705/796 Test #706: ClusterSetTest.Error_SLOTRANGE_OutOfOrder ...............................................................................................................................................................................................................................   Passed    0.00 sec
        Start 709: ClusterSetTest.EdgeCase_CRC12HashFunc
706/796 Test #707: ClusterSetTest.Error_SLOTRANGE_Consecutive ..............................................................................................................................................................................................................................   Passed    0.00 sec
        Start 710: ClusterSetTest.EdgeCase_CustomNUMSLOTS
707/796 Test #708: ClusterSetTest.EdgeCase_SingleSlotRange .................................................................................................................................................................................................................................   Passed    0.00 sec
        Start 711: ClusterSetTest.EdgeCase_HostnameWithDomain
708/796 Test #709: ClusterSetTest.EdgeCase_CRC12HashFunc ...................................................................................................................................................................................................................................   Passed    0.00 sec
        Start 712: ClusterSetTest.EdgeCase_ManyShards
709/796 Test #710: ClusterSetTest.EdgeCase_CustomNUMSLOTS ..................................................................................................................................................................................................................................   Passed    0.00 sec
        Start 713: ClusterSetTest.EdgeCase_LocalShardEmpty
710/796 Test #711: ClusterSetTest.EdgeCase_HostnameWithDomain ..............................................................................................................................................................................................................................   Passed    0.01 sec
        Start 714: ClusterSetTest.EdgeCase_LocalShardReplica
711/796 Test #712: ClusterSetTest.EdgeCase_ManyShards ......................................................................................................................................................................................................................................   Passed    0.00 sec
        Start 715: ClusterSetTest.ShortForm_HappyPath
712/796 Test #713: ClusterSetTest.EdgeCase_LocalShardEmpty .................................................................................................................................................................................................................................   Passed    0.00 sec
        Start 716: ClusterSetTest.ShortForm_FirstArgNotAuth
713/796 Test #714: ClusterSetTest.EdgeCase_LocalShardReplica ...............................................................................................................................................................................................................................   Passed    0.00 sec
        Start 717: ClusterSetTest.ShortForm_FromAPIFails_NoLocalNode
714/796 Test #715: ClusterSetTest.ShortForm_HappyPath ......................................................................................................................................................................................................................................   Passed    0.00 sec
        Start 718: ClusterSetTest.ShortForm_FromAPIFails_EmptyCluster
715/796 Test #716: ClusterSetTest.ShortForm_FirstArgNotAuth ................................................................................................................................................................................................................................   Passed    0.00 sec
        Start 719: ClusterSetTest.ShortForm_DispatchBoundary_NotArgcThree
716/796 Test #717: ClusterSetTest.ShortForm_FromAPIFails_NoLocalNode .......................................................................................................................................................................................................................   Passed    0.00 sec
        Start 720: MRCommandTest.testBasicCommandCreation
717/796 Test #718: ClusterSetTest.ShortForm_FromAPIFails_EmptyCluster ......................................................................................................................................................................................................................   Passed    0.00 sec
        Start 721: MRCommandTest.testCommandCreationFromArgv
718/796 Test #719: ClusterSetTest.ShortForm_DispatchBoundary_NotArgcThree ..................................................................................................................................................................................................................   Passed    0.01 sec
        Start 722: MRCommandTest.testCommandCopy
719/796 Test #720: MRCommandTest.testBasicCommandCreation ..................................................................................................................................................................................................................................   Passed    0.00 sec
        Start 723: MRCommandTest.testCommandAppend
720/796 Test #721: MRCommandTest.testCommandCreationFromArgv ...............................................................................................................................................................................................................................   Passed    0.00 sec
        Start 724: MRCommandTest.testCommandInsert
721/796 Test #722: MRCommandTest.testCommandCopy ...........................................................................................................................................................................................................................................   Passed    0.00 sec
        Start 725: MRCommandTest.testCommandReplaceArg
722/796 Test #723: MRCommandTest.testCommandAppend .........................................................................................................................................................................................................................................   Passed    0.00 sec
        Start 726: MRCommandTest.testCommandSetPrefix
723/796 Test #724: MRCommandTest.testCommandInsert .........................................................................................................................................................................................................................................   Passed    0.01 sec
        Start 727: MRCommandTest.testCommandReplacePrefixExisting
724/796 Test #725: MRCommandTest.testCommandReplaceArg .....................................................................................................................................................................................................................................   Passed    0.00 sec
        Start 728: MRCommandTest.testAddSlotRangeInfoToHybridCommand
725/796 Test #726: MRCommandTest.testCommandSetPrefix ......................................................................................................................................................................................................................................   Passed    0.00 sec
        Start 729: MRCommandTest.testAddSlotRangeInfoToSearchCommand
726/796 Test #727: MRCommandTest.testCommandReplacePrefixExisting ..........................................................................................................................................................................................................................   Passed    0.00 sec
        Start 730: MRCommandTest.testAddSlotRangeInfoToAggregateCommand
727/796 Test #728: MRCommandTest.testAddSlotRangeInfoToHybridCommand .......................................................................................................................................................................................................................   Passed    0.00 sec
        Start 731: DistributeCollectTest.FieldsList_NoSortBy_NoLimit
728/796 Test #729: MRCommandTest.testAddSlotRangeInfoToSearchCommand .......................................................................................................................................................................................................................   Passed    0.00 sec
        Start 732: DistributeCollectTest.FieldsList_SortByOnly_NoLimit
729/796 Test #730: MRCommandTest.testAddSlotRangeInfoToAggregateCommand ....................................................................................................................................................................................................................   Passed    0.00 sec
        Start 733: DistributeCollectTest.FieldsList_NoSortBy_Limit_RewritesRemoteLimit
730/796 Test #731: DistributeCollectTest.FieldsList_NoSortBy_NoLimit .......................................................................................................................................................................................................................   Passed    0.00 sec
        Start 734: DistributeCollectTest.FieldsList_SortBy_Limit_RewritesRemoteLimit
731/796 Test #732: DistributeCollectTest.FieldsList_SortByOnly_NoLimit .....................................................................................................................................................................................................................   Passed    0.00 sec
        Start 735: DistributeCollectTest.FieldsStar_NoSortBy_NoLimit
732/796 Test #733: DistributeCollectTest.FieldsList_NoSortBy_Limit_RewritesRemoteLimit .....................................................................................................................................................................................................   Passed    0.00 sec
        Start 736: DistributeCollectTest.FieldsStar_SortByOnly_NoLimit
733/796 Test #734: DistributeCollectTest.FieldsList_SortBy_Limit_RewritesRemoteLimit .......................................................................................................................................................................................................   Passed    0.00 sec
        Start 737: DistributeCollectTest.FieldsStar_NoSortBy_Limit_RewritesRemoteLimit
734/796 Test #735: DistributeCollectTest.FieldsStar_NoSortBy_NoLimit .......................................................................................................................................................................................................................   Passed    0.00 sec
        Start 738: DistributeCollectTest.FieldsStar_SortBy_Limit_RewritesRemoteLimit
735/796 Test #736: DistributeCollectTest.FieldsStar_SortByOnly_NoLimit .....................................................................................................................................................................................................................   Passed    0.00 sec
        Start 739: DistributeCollectTest.KeywordCase_NormalizedOnRemote_VerbatimOnLocal
736/796 Test #737: DistributeCollectTest.FieldsStar_NoSortBy_Limit_RewritesRemoteLimit .....................................................................................................................................................................................................   Passed    0.00 sec
        Start 740: HybridBuildMRCommandTest.testBasicCommandTransformation
737/796 Test #738: DistributeCollectTest.FieldsStar_SortBy_Limit_RewritesRemoteLimit .......................................................................................................................................................................................................   Passed    0.00 sec
        Start 741: HybridBuildMRCommandTest.testCommandWithParams
738/796 Test #739: DistributeCollectTest.KeywordCase_NormalizedOnRemote_VerbatimOnLocal ....................................................................................................................................................................................................   Passed    0.00 sec
        Start 742: HybridBuildMRCommandTest.testCommandWithTimeout
739/796 Test #740: HybridBuildMRCommandTest.testBasicCommandTransformation .................................................................................................................................................................................................................   Passed    0.00 sec
        Start 743: HybridBuildMRCommandTest.testCommandWithDialect
740/796 Test #741: HybridBuildMRCommandTest.testCommandWithParams ..........................................................................................................................................................................................................................   Passed    0.00 sec
        Start 744: HybridBuildMRCommandTest.testCommandWithCombine
741/796 Test #742: HybridBuildMRCommandTest.testCommandWithTimeout .........................................................................................................................................................................................................................   Passed    0.00 sec
        Start 745: HybridBuildMRCommandTest.testFilterWithPolicyBatches
742/796 Test #743: HybridBuildMRCommandTest.testCommandWithDialect .........................................................................................................................................................................................................................   Passed    0.00 sec
        Start 746: HybridBuildMRCommandTest.testFilterWithBatchSize
743/796 Test #744: HybridBuildMRCommandTest.testCommandWithCombine .........................................................................................................................................................................................................................   Passed    0.00 sec
        Start 747: HybridBuildMRCommandTest.testFilterWithPolicyAndBatchSize
744/796 Test #745: HybridBuildMRCommandTest.testFilterWithPolicyBatches ....................................................................................................................................................................................................................   Passed    0.01 sec
        Start 748: HybridBuildMRCommandTest.testFilterWithBatchSizeAndPolicyReversed
745/796 Test #747: HybridBuildMRCommandTest.testFilterWithPolicyAndBatchSize ...............................................................................................................................................................................................................   Passed    0.00 sec
        Start 749: HybridBuildMRCommandTest.testFilterWithPolicyBatchSizeAndCombine
746/796 Test #746: HybridBuildMRCommandTest.testFilterWithBatchSize ........................................................................................................................................................................................................................   Passed    0.01 sec
        Start 750: HybridBuildMRCommandTest.testComplexCommandWithAllParams
747/796 Test #748: HybridBuildMRCommandTest.testFilterWithBatchSizeAndPolicyReversed .......................................................................................................................................................................................................   Passed    0.00 sec
        Start 751: HybridBuildMRCommandTest.testComplexCommandParamsAfterTimeout
748/796 Test #749: HybridBuildMRCommandTest.testFilterWithPolicyBatchSizeAndCombine ........................................................................................................................................................................................................   Passed    0.00 sec
        Start 752: HybridBuildMRCommandTest.testMinimalCommand
749/796 Test #750: HybridBuildMRCommandTest.testComplexCommandWithAllParams ................................................................................................................................................................................................................   Passed    0.00 sec
        Start 753: HybridBuildMRCommandTest.testExplainScoreNotForwardedFromArgvText
750/796 Test #751: HybridBuildMRCommandTest.testComplexCommandParamsAfterTimeout ...........................................................................................................................................................................................................   Passed    0.00 sec
        Start 754: HybridBuildMRCommandTest.testShardKRatioModifiesK
751/796 Test #752: HybridBuildMRCommandTest.testMinimalCommand .............................................................................................................................................................................................................................   Passed    0.00 sec
        Start 755: HybridBuildMRCommandTest.testShardKRatioMinGuarantee
752/796 Test #753: HybridBuildMRCommandTest.testExplainScoreNotForwardedFromArgvText .......................................................................................................................................................................................................   Passed    0.00 sec
        Start 756: HybridBuildMRCommandTest.testShardKRatioNoModificationWhenRatioIsOne
753/796 Test #754: HybridBuildMRCommandTest.testShardKRatioModifiesK .......................................................................................................................................................................................................................   Passed    0.00 sec
        Start 757: HybridBuildMRCommandTest.testCombineRRFZeroCountReconstructed
754/796 Test #755: HybridBuildMRCommandTest.testShardKRatioMinGuarantee ....................................................................................................................................................................................................................   Passed    0.00 sec
        Start 758: HybridBuildMRCommandTest.testCombineRRFZeroCountPositionalAliasReconstructed
755/796 Test #756: HybridBuildMRCommandTest.testShardKRatioNoModificationWhenRatioIsOne ....................................................................................................................................................................................................   Passed    0.00 sec
        Start 759: HybridBuildMRCommandTest.testCombineRRFCountedAliasReconstructed
756/796 Test #757: HybridBuildMRCommandTest.testCombineRRFZeroCountReconstructed ...........................................................................................................................................................................................................   Passed    0.00 sec
        Start 760: HybridBuildMRCommandTest.testCombineRRFCountedAliasAndConstantReconstructed
757/796 Test #758: HybridBuildMRCommandTest.testCombineRRFZeroCountPositionalAliasReconstructed ............................................................................................................................................................................................   Passed    0.00 sec
        Start 761: HybridBuildMRCommandTest.testCombineLinearZeroCountReconstructed
758/796 Test #759: HybridBuildMRCommandTest.testCombineRRFCountedAliasReconstructed ........................................................................................................................................................................................................   Passed    0.00 sec
        Start 762: HybridBuildMRCommandTest.testCombineLinearCountedAliasReconstructed
759/796 Test #760: HybridBuildMRCommandTest.testCombineRRFCountedAliasAndConstantReconstructed .............................................................................................................................................................................................   Passed    0.00 sec
        Start 763: HybridBuildMRCommandTest.testCombineLinearCountedAliasAndWindowReconstructed
760/796 Test #761: HybridBuildMRCommandTest.testCombineLinearZeroCountReconstructed ........................................................................................................................................................................................................   Passed    0.00 sec
        Start 764: HybridBuildMRCommandTest.testCombineLinearArgsCountedAliasAndWindowReconstructed
761/796 Test #762: HybridBuildMRCommandTest.testCombineLinearCountedAliasReconstructed .....................................................................................................................................................................................................   Passed    0.00 sec
        Start 765: HybridBuildMRCommandTest.testNoCombineForwardsResolvedDefault
762/796 Test #763: HybridBuildMRCommandTest.testCombineLinearCountedAliasAndWindowReconstructed ............................................................................................................................................................................................   Passed    0.00 sec
        Start 766: HybridBuildMRCommandTest.testCombineLinearZeroCountPositionalAliasReconstructed
763/796 Test #764: HybridBuildMRCommandTest.testCombineLinearArgsCountedAliasAndWindowReconstructed ........................................................................................................................................................................................   Passed    0.00 sec
        Start 767: HybridBuildMRCommandTest.testCombineRRFFullPositionalAliasReconstructed
764/796 Test #765: HybridBuildMRCommandTest.testNoCombineForwardsResolvedDefault ...........................................................................................................................................................................................................   Passed    0.00 sec
        Start 768: HybridBuildMRCommandTest.testCombineInsideParamsNotMistakenForClause
765/796 Test #766: HybridBuildMRCommandTest.testCombineLinearZeroCountPositionalAliasReconstructed .........................................................................................................................................................................................   Passed    0.00 sec
        Start 769: IORuntimeCtxCommonTest.InitialState
766/796 Test #767: HybridBuildMRCommandTest.testCombineRRFFullPositionalAliasReconstructed .................................................................................................................................................................................................   Passed    0.00 sec
        Start 770: IORuntimeCtxCommonTest.Schedule
767/796 Test #768: HybridBuildMRCommandTest.testCombineInsideParamsNotMistakenForClause ....................................................................................................................................................................................................   Passed    0.00 sec
        Start 771: IORuntimeCtxCommonTest.ScheduleTopology
768/796 Test #769: IORuntimeCtxCommonTest.InitialState .....................................................................................................................................................................................................................................   Passed    0.00 sec
        Start 772: IORuntimeCtxCommonTest.MultipleTopologyUpdates
769/796 Test #770: IORuntimeCtxCommonTest.Schedule .........................................................................................................................................................................................................................................   Passed    0.00 sec
        Start 773: IORuntimeCtxCommonTest.ClearPendingTopo
770/796 Test #771: IORuntimeCtxCommonTest.ScheduleTopology .................................................................................................................................................................................................................................   Passed    0.00 sec
        Start 774: IORuntimeCtxCommonTest.ShutdownWithPendingRequests
771/796 Test #772: IORuntimeCtxCommonTest.MultipleTopologyUpdates ..........................................................................................................................................................................................................................   Passed    0.00 sec
        Start 775: IORuntimeCtxCommonTest.ActiveIoThreadsMetric
772/796 Test #773: IORuntimeCtxCommonTest.ClearPendingTopo .................................................................................................................................................................................................................................   Passed    0.00 sec
        Start 776: IORuntimeCtxCommonTest.ActiveTopologyUpdateThreadsMetric
773/796 Test #776: IORuntimeCtxCommonTest.ActiveTopologyUpdateThreadsMetric ................................................................................................................................................................................................................   Passed    0.01 sec
        Start 777: IORuntimeCtxCommonTest.UpdateNodesAddRemove
774/796 Test #775: IORuntimeCtxCommonTest.ActiveIoThreadsMetric ............................................................................................................................................................................................................................   Passed    0.01 sec
        Start 778: IORuntimeCtxCommonTest.UpdateNodesResizesConnectionMap
775/796 Test #777: IORuntimeCtxCommonTest.UpdateNodesAddRemove .............................................................................................................................................................................................................................   Passed    0.00 sec
        Start 779: IORuntimeCtxCommonTest.UpdateNodesReportsNewConnections
776/796 Test #778: IORuntimeCtxCommonTest.UpdateNodesResizesConnectionMap ..................................................................................................................................................................................................................   Passed    0.00 sec
        Start 780: IORuntimeCtxCommonTest.IdenticalTopologyUpdateSkipsHandshake
777/796 Test #779: IORuntimeCtxCommonTest.UpdateNodesReportsNewConnections .................................................................................................................................................................................................................   Passed    0.00 sec
        Start 781: SlotRangeVariations/MRCommandSlotRangeTest.testAddSlotRangeInfo/{ (0, 16383) }
778/796 Test #781: SlotRangeVariations/MRCommandSlotRangeTest.testAddSlotRangeInfo/{ (0, 16383) } ..........................................................................................................................................................................................   Passed    0.00 sec
        Start 782: SlotRangeVariations/MRCommandSlotRangeTest.testAddSlotRangeInfo/{ (0, 8191), (8192, 16383) }
779/796 Test #780: IORuntimeCtxCommonTest.IdenticalTopologyUpdateSkipsHandshake ............................................................................................................................................................................................................   Passed    0.01 sec
        Start 783: SlotRangeVariations/MRCommandSlotRangeTest.testAddSlotRangeInfo/{ (0, 5460), (5461, 10922), (10923, 16383) }
780/796 Test #774: IORuntimeCtxCommonTest.ShutdownWithPendingRequests ......................................................................................................................................................................................................................   Passed    0.02 sec
        Start 784: SlotRangeVariations/MRCommandSlotRangeTest.testAddSlotRangeInfo/{ (0, 4095), (4096, 8191), (8192, 12287), (12288, 16383) }
781/796 Test #782: SlotRangeVariations/MRCommandSlotRangeTest.testAddSlotRangeInfo/{ (0, 8191), (8192, 16383) } ............................................................................................................................................................................   Passed    0.00 sec
        Start 785: SlotRangeVariations/MRCommandSlotRangeTest.testAddSlotRangeInfo/{ (0, 0), (100, 100), (16383, 16383) }
782/796 Test #783: SlotRangeVariations/MRCommandSlotRangeTest.testAddSlotRangeInfo/{ (0, 5460), (5461, 10922), (10923, 16383) } ............................................................................................................................................................   Passed    0.00 sec
        Start 786: SlotRangeVariations/MRCommandSlotRangeTest.testAddSlotRangeInfo/{ (0, 1000), (5000, 6000), (10000, 16383) }
783/796 Test #784: SlotRangeVariations/MRCommandSlotRangeTest.testAddSlotRangeInfo/{ (0, 4095), (4096, 8191), (8192, 12287), (12288, 16383) } ..............................................................................................................................................   Passed    0.00 sec
        Start 787: SlotRangeVariations/MRCommandSlotRangeTest.testAddSlotRangeInfo/{ (0, 0), (1, 1), (2, 2) }
784/796 Test #785: SlotRangeVariations/MRCommandSlotRangeTest.testAddSlotRangeInfo/{ (0, 0), (100, 100), (16383, 16383) } ..................................................................................................................................................................   Passed    0.00 sec
        Start 788: SlotRangeVariations/MRCommandSlotRangeTest.testAddSlotRangeInfo/{ (0, 1), (2, 3), (3, 4), (5, 6), (7, 8), (9, 10), (11, 12), (13, 14), (15, 16), (17, 18), (19, 20), (21, 22), (23, 24), (25, 26), (27, 28), (29, 30), (31, 32) }
785/796 Test #786: SlotRangeVariations/MRCommandSlotRangeTest.testAddSlotRangeInfo/{ (0, 1000), (5000, 6000), (10000, 16383) } .............................................................................................................................................................   Passed    0.00 sec
        Start 789: SlotRangeVariations/MRCommandSlotRangeTest.testSlotRangeRoundTrip/{ (0, 16383) }
786/796 Test #787: SlotRangeVariations/MRCommandSlotRangeTest.testAddSlotRangeInfo/{ (0, 0), (1, 1), (2, 2) } ..............................................................................................................................................................................   Passed    0.00 sec
        Start 790: SlotRangeVariations/MRCommandSlotRangeTest.testSlotRangeRoundTrip/{ (0, 8191), (8192, 16383) }
787/796 Test #788: SlotRangeVariations/MRCommandSlotRangeTest.testAddSlotRangeInfo/{ (0, 1), (2, 3), (3, 4), (5, 6), (7, 8), (9, 10), (11, 12), (13, 14), (15, 16), (17, 18), (19, 20), (21, 22), (23, 24), (25, 26), (27, 28), (29, 30), (31, 32) } .......................................   Passed    0.00 sec
        Start 791: SlotRangeVariations/MRCommandSlotRangeTest.testSlotRangeRoundTrip/{ (0, 5460), (5461, 10922), (10923, 16383) }
788/796 Test #789: SlotRangeVariations/MRCommandSlotRangeTest.testSlotRangeRoundTrip/{ (0, 16383) } ........................................................................................................................................................................................   Passed    0.00 sec
        Start 792: SlotRangeVariations/MRCommandSlotRangeTest.testSlotRangeRoundTrip/{ (0, 4095), (4096, 8191), (8192, 12287), (12288, 16383) }
789/796 Test #790: SlotRangeVariations/MRCommandSlotRangeTest.testSlotRangeRoundTrip/{ (0, 8191), (8192, 16383) } ..........................................................................................................................................................................   Passed    0.00 sec
        Start 793: SlotRangeVariations/MRCommandSlotRangeTest.testSlotRangeRoundTrip/{ (0, 0), (100, 100), (16383, 16383) }
790/796 Test #791: SlotRangeVariations/MRCommandSlotRangeTest.testSlotRangeRoundTrip/{ (0, 5460), (5461, 10922), (10923, 16383) } ..........................................................................................................................................................   Passed    0.00 sec
        Start 794: SlotRangeVariations/MRCommandSlotRangeTest.testSlotRangeRoundTrip/{ (0, 1000), (5000, 6000), (10000, 16383) }
791/796 Test #792: SlotRangeVariations/MRCommandSlotRangeTest.testSlotRangeRoundTrip/{ (0, 4095), (4096, 8191), (8192, 12287), (12288, 16383) } ............................................................................................................................................   Passed    0.00 sec
        Start 795: SlotRangeVariations/MRCommandSlotRangeTest.testSlotRangeRoundTrip/{ (0, 0), (1, 1), (2, 2) }
792/796 Test #793: SlotRangeVariations/MRCommandSlotRangeTest.testSlotRangeRoundTrip/{ (0, 0), (100, 100), (16383, 16383) } ................................................................................................................................................................   Passed    0.00 sec
        Start 796: SlotRangeVariations/MRCommandSlotRangeTest.testSlotRangeRoundTrip/{ (0, 1), (2, 3), (3, 4), (5, 6), (7, 8), (9, 10), (11, 12), (13, 14), (15, 16), (17, 18), (19, 20), (21, 22), (23, 24), (25, 26), (27, 28), (29, 30), (31, 32) }
793/796 Test #794: SlotRangeVariations/MRCommandSlotRangeTest.testSlotRangeRoundTrip/{ (0, 1000), (5000, 6000), (10000, 16383) } ...........................................................................................................................................................   Passed    0.00 sec
794/796 Test #795: SlotRangeVariations/MRCommandSlotRangeTest.testSlotRangeRoundTrip/{ (0, 0), (1, 1), (2, 2) } ............................................................................................................................................................................   Passed    0.00 sec
795/796 Test #796: SlotRangeVariations/MRCommandSlotRangeTest.testSlotRangeRoundTrip/{ (0, 1), (2, 3), (3, 4), (5, 6), (7, 8), (9, 10), (11, 12), (13, 14), (15, 16), (17, 18), (19, 20), (21, 22), (23, 24), (25, 26), (27, 28), (29, 30), (31, 32) } .....................................   Passed    0.00 sec
796/796 Test #643: PriorityThpoolTestFunctionality/PriorityThpoolTestFunctionality.TestPauseResume/16-byte object <02-00 00-00 00-00 00-00 00-00 00-00 00-00 00-00> ........................................................................................................................   Passed    1.02 sec

100% tests passed, 0 tests failed out of 796

Total Test time (real) =   4.15 sec
Individual test results:
AggTest.AvoidingCompleteResultStructOpt ... PASS
AREQTest.testBinarySlotRangeParsingSingleRange ... PASS
AREQTest.testBinarySlotRangeInsufficientArgs ... PASS
AREQTest.testComplexAggregateWithCursorAndSlotRanges ... PASS
ArgParserTest.BasicCreationAndDestruction ... PASS
ArgParserTest.ParseBooleanFlag ... PASS
ArgParserTest.ParseLongInteger ... PASS
ArgParserTest.ParseString ... PASS
ArgParserTest.ParseSubArgs ... PASS
ArgParserTest.MultipleArguments ... PASS
AggTest.testGroupBy ... PASS
ArgParserTest.RequiredArgumentMissing ... PASS
ArgParserTest.ValidationFailure ... PASS
ArgParserTest.StrictModeUnknownArgument ... PASS
ArgParserTest.DefaultValues ... PASS
ArgParserTest.PositionalArguments ... PASS
ArgParserTest.BitflagArguments ... PASS
ArgParserTest.CallbackExecution ... PASS
ArgParserTest.CustomValidator ... PASS
ArgParserTest.CustomValidatorFailure ... PASS
ArgParserTest.RepeatableArguments ... PASS
ArgParserTest.ErrorReporting ... PASS
ArgParserTest.DoubleArgument ... PASS
ArgParserTest.IntegerArgument ... PASS
ArgParserTest.UnsignedLongArgument ... PASS
ArgParserTest.EmptyArguments ... PASS
AggTest.testGroupSplit ... PASS
ArgParserTest.AllowedValuesInvalid ... PASS
ArgParserTest.AllowedValuesValid ... PASS
ArgParserTest.PositionalFirstBadSecondGood ... PASS
ArgParserTest.PositionalFirstGoodSecondBad ... PASS
ArgParserTest.PositionalBothBad ... PASS
ArrTest.testStruct ... PASS
ArrTest.testScalar ... PASS
ArrTest.testStrings ... PASS
ArrTest.testTrimm ... PASS
ArrTest.testEnsure ... PASS
ArrTest.testDelete ... PASS
ArrTest.testArrayClearFunc ... PASS
ArrTest.testArrayEnsureAppendNFunc ... PASS
ArrTest.testArrayFunctionsCombined ... PASS
ArrTest.testArrayLenFunc ... PASS
AsyncStateTest.testInitialState ... PASS
AsyncStateTest.testEmptyToBuffered ... PASS
AsyncStateTest.testBufferedToPending ... PASS
AsyncStateTest.testPendingToReady ... PASS
AsyncStateTest.testReadyToConsumed ... PASS
AsyncStateTest.testFullLifecycle ... PASS
AsyncStateTest.testFIFOOrdering ... PASS
AsyncStateTest.testPoolSizeLimit ... PASS
AsyncStateTest.testFailedReads ... PASS
AsyncStateTest.testEmptyBufferOperations ... PASS
AsyncStateTest.testSingleResultLifecycle ... PASS
AsyncStateTest.testStateInvariants ... PASS
AsyncStateTest.testInterleavedOperations ... PASS
AsyncStateTest.testMaximumCapacity ... PASS
CircularBufferTest.testEmpty ... PASS
CircularBufferTest.test_CircularBufferPopulation ... PASS
CircularBufferTest.test_CircularBuffer_Circularity ... PASS
CircularBufferTest.test_CircularBuffer_free ... PASS
CircularBufferTest.test_CircularBuffer_Reserve ... PASS
CircularBufferTest.test_CircularBuffer_ResetReader ... PASS
CircularBufferTest.test_CircularBuffer_multiReserve ... PASS
CircularBufferTest.test_CircularBuffer_multiAdd ... PASS
ClusterTest.DictionaryPropagation ... PASS
ClusterTest.SchemaPropagation ... PASS
CollectParserTest.FieldsLoadAll ... PASS
CollectParserTest.FieldsWithCount ... PASS
CollectParserTest.FieldsLoadAllWithSortBy ... PASS
CollectParserTest.FieldsAndSortBy ... PASS
CollectParserTest.LocalLoadAllAccepted ... PASS
CollectParserTest.LocalFieldsUsePlannerInputKey ... PASS
CollectParserTest.FieldsSortByAndLimit ... PASS
CollectParserTest.LimitBeforeSortByIsValid ... PASS
CollectParserTest.FieldsAndLimitWithoutSortBy ... PASS
CollectParserTest.MultipleSortKeysWithDirections ... PASS
CollectParserTest.SortByDefaultsToAscending ... PASS
CollectParserTest.SortByConsecutiveFieldsDefaultAsc ... PASS
CollectParserTest.SortByMixedConsecutiveFieldsAndDirections ... PASS
CollectParserTest.SortByMaxFields ... PASS
CollectParserTest.LimitZeroOffset ... PASS
CollectParserTest.JsonPathField ... PASS
CollectParserTest.SortByJsonPathAccepted ... PASS
CollectParserTest.LocalSortByJsonPathAccepted ... PASS
CollectParserTest.SortByJsonPathRejected ... PASS
CollectParserTest.EmptyArgs ... PASS
CollectParserTest.MissingFieldsRequired ... PASS
CollectParserTest.FieldsMustBeFirstParam ... PASS
CollectParserTest.FieldWithoutAtPrefix ... PASS
CollectParserTest.LocalFieldWithoutAtPrefix ... PASS
CollectParserTest.FieldWithoutAtPrefixRejectedAtParseEvenWhenCallerNotStrict ... PASS
CollectParserTest.FieldEmptyAfterAt ... PASS
CollectParserTest.FieldNotInPipeline ... PASS
CollectParserTest.FieldsSecondFieldNotInPipeline ... PASS
CollectParserTest.FieldsLoadAllWithCount ... PASS
CollectParserTest.FieldsLoadAllAmongFields ... PASS
CollectParserTest.FieldsLoadAllFollowedByField ... PASS
CollectParserTest.FieldsLoadAllFollowedByJsonPath ... PASS
CollectParserTest.FieldsLoadAllFollowedByAsterisk ... PASS
CollectParserTest.FieldsBareKeyword ... PASS
CollectParserTest.FieldsNonNumericCount ... PASS
CollectParserTest.NotEnoughFieldNames ... PASS
CollectParserTest.UnknownSubcommand ... PASS
CollectParserTest.SortByFieldNotInPipeline ... PASS
CollectParserTest.SortByZeroCount ... PASS
CollectParserTest.SortByFieldWithoutAtPrefix ... PASS
CollectParserTest.SortByTooManyFields ... PASS
CollectParserTest.SortByExceedsMaxTokens ... PASS
CollectParserTest.FieldsExceedsMax ... PASS
CollectParserTest.SortByInvalidTokenBetweenFields ... PASS
CollectParserTest.LimitNegativeOffset ... PASS
CollectParserTest.LimitNegativeCount ... PASS
CollectParserTest.LimitZeroCountWithNonZeroOffset ... PASS
CollectParserTest.LimitZeroCountWithZeroOffset ... PASS
CollectParserTest.LimitNonNumericOffset ... PASS
CollectParserTest.FieldsZeroCountRequiresAtLeastOne ... PASS
CollectParserTest.SortByOnlyDirectionsNoFields ... PASS
CollectParserTest.SortByDescBeforeFirstSortField ... PASS
CollectParserTest.SortByDuplicateAscAfterField ... PASS
CollectParserTest.LimitCountExceedsAggregateMax ... PASS
CollectParserTest.LimitOffsetExceedsAggregateMax ... PASS
TimeoutCapTest.NullPointer ... PASS
TimeoutCapTest.LimitDisabledByZero ... PASS
TimeoutCapTest.LimitDisabledByWorkersEnabled ... PASS
TimeoutCapTest.WithinBudgetNoCap ... PASS
TimeoutCapTest.EqualToLimitNoCap ... PASS
TimeoutCapTest.CapAppliedWhenAboveLimit ... PASS
TimeoutCapTest.UnlimitedQueryTimeoutCappedToLimit ... PASS
TimeoutCapTest.NegativeTimeoutCappedToLimit ... PASS
TimeoutCapTest.MaxTimeoutCappedWarningString ... PASS
CursorsTest.BasicAPI ... PASS
CursorsTest.OwnershipAPI ... PASS
DictPauseRehashTest.BasicPauseResume ... PASS
DictPauseRehashTest.MultiplePausesStack ... PASS
DictPauseRehashTest.RehashBlockedWhenPaused ... PASS
DictPauseRehashTest.ConcurrentPauseResume ... PASS
DocIdMetaTest.TestSetAndGetDocId ... PASS
DictPauseRehashTest.ConcurrentFindWithPause ... PASS
DocIdMetaTest.TestGetNonExistentDocId ... PASS
DocIdMetaTest.TestSetMultipleDocIds ... PASS
DocIdMetaTest.TestOverwriteDocId ... PASS
DocIdMetaTest.TestDeleteDocId ... PASS
DocIdMetaTest.TestDeleteNonExistentDocId ... PASS
DocIdMetaTest.TestDeleteOnlyRemovesRequestedSpec ... PASS
DocIdMetaTest.TestSetAfterDeleteRecreatesEntry ... PASS
DocIdMetaTest.TestMultipleKeys ... PASS
DocIdMetaTest.TestEdgeCases ... PASS
DocIdMetaTest.TestDeleteAndReget ... PASS
DocIdMetaTest.TestBasicSetup ... PASS
DocIdMetaTest.TestBasicRdbSaveLoad ... PASS
DocIdMetaTest.TestEmptyMetaRdbSaveLoad ... PASS
DocIdMetaTest.TestMultipleSpecsRdbSaveLoad ... PASS
DocIdMetaTest.TestMaxValueRdbSaveLoad ... PASS
DocIdMetaTest.TestSingleElementRdbSaveLoad ... PASS
DocIdMetaTest.TestRdbLoadSkipsRemovedSpecEntries ... PASS
DocIdMetaTest.TestRdbSaveSkipsRemovedSpecEntries ... PASS
DocIdMetaTest.TestRdbSaveAllRemoved_SavesNothing ... PASS
DocIdMetaTest.TestRdbSaveSkipsDeletedEntries ... PASS
DocIdMetaTest.TestRdbLoadDuringPersistenceConsumesBytesAndSkips ... PASS
DocIdMetaTest.TestUnlinkWithEmptyMeta ... PASS
DocIdMetaTest.TestUnlinkInvalidatesEntries ... PASS
DocIdMetaTest.TestUnlinkSkipsDeletedEntries ... PASS
DocumentTest.testClear ... PASS
DocumentTest.testLoadAll ... PASS
ExprTest.testExpr ... PASS
ExprTest.testDump ... PASS
ExprTest.testArithmetics ... PASS
ExprTest.testParser ... PASS
ExprTest.testGetFields ... PASS
ExprTest.testFunction ... PASS
ExprTest.testPredicate ... PASS
ExprTest.testNull ... PASS
ExprTest.testPropertyFetch ... PASS
ExprTest.testEvalFuncCase ... PASS
ExprTest.testEvalFuncCaseWithComparisons ... PASS
ExprTest.testEvalFuncCaseWithExists ... PASS
ExprTest.testEvalFuncCaseNested ... PASS
ExprTest.testEvalFuncCaseWithNullValues ... PASS
ExprTest.testEvalFuncCaseErrorConditions ... PASS
ExprTest.testEvalFuncCaseShortCircuitEvaluation ... PASS
ExprTest.testEvalFuncCaseWithDifferentTypes ... PASS
ExprTest.testEvalFuncCaseNullComparison ... PASS
ExprTest.testEvalFuncCaseWithDifferentTypeComparison ... PASS
ExprTest.testEvalCtxEvalExprNullExpr ... PASS
ExprTest.testEvalCtxEvalExprUnknownProperty ... PASS
ExprTest.testAndExpressionWithMissingFields ... PASS
ExprTest.testOrExpressionWithMissingFields ... PASS
ExprTest.testPredicateTypeMismatchReturnsError ... PASS
ExtTest.testRegistration ... PASS
ExtTest.testDynamicLoading ... PASS
ExtTest.testQueryExpander_v1 ... PASS
ExtTest.testQueryExpander_v2 ... PASS
FGCTestTag.testRemoveEntryFromLastBlock ... PASS
FGCTestNumeric.testNumeric ... PASS
FGCTestTag.testRemoveLastBlockWhileUpdate ... PASS
FGCTestNumeric.testNumericBlocksSinceFork ... PASS
FGCTestTag.testModifyLastBlockWhileAddingNewBlocks ... PASS
FGCTestTag.testRemoveAllBlocksWhileUpdateLast ... PASS
FGCTestTag.testRepairLastBlock ... PASS
FGCTestTag.testRepairLastBlockWhileRemovingMiddle ... PASS
FGCTestTag.testRepairMiddleRemoveLast ... PASS
FGCTestTag.testDeleteDuringGCCleanup ... PASS
FGCTestTag.testPipeErrorDuringGC ... PASS
FGCTestTag.testRemoveMiddleBlock ... PASS
HashTest.testSha1Hash ... PASS
HiddenTest.testHiddenOwnership ... PASS
HiddenTest.testHiddenCompare ... PASS
HiddenTest.testHiddenUnicodeCompare ... PASS
HiddenTest.testHiddenDuplicate ... PASS
HiddenTest.testHiddenClone ... PASS
HiddenTest.testHiddenCreateString ... PASS
HiddenTest.testHiddenDropFromKeySpace ... PASS
HybridRequestBasicTest.testHybridRequestCreationBasic ... PASS
HybridDefaultsTest.testDefaultValues ... PASS
HybridDefaultsTest.testLimitFallbackBoth ... PASS
HybridDefaultsTest.testLimitFallbackKOnly ... PASS
HybridDefaultsTest.testLimitFallbackWindowOnly ... PASS
HybridDefaultsTest.testExplicitOverridesLimit ... PASS
HybridDefaultsTest.testLargeLimitFallback ... PASS
HybridDefaultsTest.testFlagTrackingImplicitBoth ... PASS
HybridDefaultsTest.testFlagTrackingExplicitK ... PASS
HybridDefaultsTest.testFlagTrackingExplicitWindow ... PASS
HybridDefaultsTest.testFlagTrackingExplicitBoth ... PASS
HybridDefaultsTest.testLinearDefaults ... PASS
HybridDefaultsTest.testKCappedAtExplicitWindow ... PASS
HybridDefaultsTest.testKFromLimitCappedAtExplicitWindow ... PASS
HybridDefaultsTest.testLinearScoringKWindowConstraint ... PASS
HybridDefaultsTest.testKAlreadyWithinWindow ... PASS
HybridDefaultsTest.testLinearExplicitWindow ... PASS
HybridDefaultsTest.testLinearWindowDefaults ... PASS
HybridDefaultsTest.testLinearWindowLimitFallback ... PASS
HybridReaderDiskTest.BasicTopK ... PASS
HybridDefaultsTest.testLinearExplicitWindowOverridesLimit ... PASS
HybridReaderDiskTest.NaNFiltering ... PASS
HybridReaderDiskTest.RerankingUpdatesScores ... PASS
HybridReaderDiskTest.TimeoutReturnsTimedOut ... PASS
HybridReaderDiskTest.PinsUnderfillKWhenFieldsExpired ... PASS
HybridReaderDiskTest.FillsKWhenNoExpiry ... PASS
HybridMergerTest.testHybridMergerSameDocs ... PASS
HybridMergerTest.testHybridMergerDifferentDocuments ... PASS
HybridMergerTest.testHybridMergerEmptyUpstream1 ... PASS
HybridMergerTest.testHybridMergerEmptyUpstream2 ... PASS
HybridMergerTest.testHybridMergerBothEmpty ... PASS
HybridMergerTest.testRRFScoringSmallWindow ... PASS
HybridMergerTest.testHybridMergerUpstream1DepletesMore ... PASS
HybridMergerTest.testHybridMergerLargeWindow ... PASS
HybridMergerTest.testHybridMergerUpstream2DepletesMore ... PASS
HybridMergerTest.testHybridMergerTimeoutReturnPolicy ... PASS
HybridMergerTest.testHybridMergerTimeoutFailPolicy ... PASS
HybridMergerTest.testRRFScoring ... PASS
HybridMergerTest.testHybridMergerLinear3Upstreams ... PASS
HybridMergerTest.testHybridMergerPartialIntersection ... PASS
HybridMergerTest.testHybridMergerPartialIntersectionRRF ... PASS
HybridMergerTest.testRRFScoring3Upstreams ... PASS
HybridMergerTest.testHybridMergerErrorPrecedence ... PASS
HybridMergerTest.testHybridMergerLinearFlagMerging ... PASS
HybridMergerTest.testHybridMergerRRFFlagMerging ... PASS
HybridMergerTest.testUpstreamReturnCodes ... PASS
IndexTest.testVarint ... PASS
IndexTest.testUnion ... PASS
IndexTest.testWeight ... PASS
IndexTest.testNot ... PASS
IndexTest.testPureNot ... PASS
IndexTest.testNumericInverted ... PASS
IndexTest.testNumericVaried ... PASS
IndexTest.testNumericEncoding ... PASS
IndexTest.testNumericEncodingMulti ... PASS
IndexTest.testInvalidHybridVector ... PASS
IndexTest.testHybridVector ... PASS
IndexTest.testMetric_VectorRange ... PASS
IndexTest.testMetric_SkipTo ... PASS
IndexTest.testBuffer ... PASS
IndexTest.testIndexSpec ... PASS
IndexTest.testHugeSpec ... PASS
IndexTest.testIndexFlags ... PASS
IndexTest.testVarintFieldMask ... PASS
IndexTest.testDocTable ... PASS
IndexTest.testDeltaSplits ... PASS
IndexTest.testRawDocId ... PASS
IndexTest.testHybridIteratorReducerWithEmptyChild ... PASS
IndexTest.testHybridIteratorReducerWithWildcardChild ... PASS
IndexTest.testDiskHnswAcceptsFloat16 ... PASS
IndexTest.testIntersection ... PASS
IndexErrorTest.testBasic ... PASS
IndexErrorTest.testNullKeyFallsBackToNA ... PASS
OptimizerIteratorTest.AdditionOverflowReturnsNull ... PASS
OptimizerIteratorTest.MultiplicationOverflowReturnsNull ... PASS
JSONTest.testStoreTextOverflow ... PASS
JSONTest.testStoreMultiVectorOverflow ... PASS
JsonVecAccept.FloatTargetsAcceptAllHomogeneousTags ... PASS
JsonVecAccept.IntTargetsAcceptOnlyIntegerTags ... PASS
JsonVecAccept.UnsupportedTargetsRejectAll ... PASS
JsonVecConvert.FLOAT32_Matrix ... PASS
JsonVecConvert.FLOAT64_Matrix ... PASS
JsonVecConvert.FLOAT16_Matrix ... PASS
JsonVecConvert.BFLOAT16_Matrix ... PASS
JsonVecConvert.INT8_Matrix ... PASS
JsonVecConvert.UINT8_Matrix ... PASS
JsonVecConvert.INT8_TruncatesOverflow ... PASS
ParseHybridTest.testBasicValidInput ... PASS
ParseHybridTest.testValidInputWithParams ... PASS
ParseHybridTest.testValidInputWithReqConfig ... PASS
ParseHybridTest.testConfigOOMReturnPolicyPropagation ... PASS
ParseHybridTest.testConfigOOMFailPolicyPropagation ... PASS
ParseHybridTest.testConfigOOMIgnorePolicyPropagation ... PASS
ParseHybridTest.testWithCombineLinear ... PASS
ParseHybridTest.testRRFCountedYieldScoreOnly ... PASS
ParseHybridTest.testLinearCountedYieldScoreOnly ... PASS
ParseHybridTest.testRRFPositionalYieldScoreOnly ... PASS
ParseHybridTest.testCombineRRFCountedYieldScore ... PASS
ParseHybridTest.testLinearPositionalYieldScoreOnly ... PASS
ParseHybridTest.testCombineRRFPositionalYieldScore ... PASS
ParseHybridTest.testCombineLinearCountedYieldScore ... PASS
ParseHybridTest.testCombineLinearYieldScorePositional ... PASS
ParseHybridTest.testRRFFullArgsYieldScorePositional ... PASS
ParseHybridTest.testLinearFullArgsYieldScorePositional ... PASS
ParseHybridTest.testRRFFullArgsYieldScoreCounted ... PASS
ParseHybridTest.testLinearFullArgsYieldScoreCounted ... PASS
ParseHybridTest.testRRFCombineTokenInParams ... PASS
ParseHybridTest.testLinearCombineTokenInParams ... PASS
ParseHybridTest.testRRFCountedAndPositionalYieldScoreError ... PASS
ParseHybridTest.testLinearCountedAndPositionalYieldScoreError ... PASS
ParseHybridTest.testCombineCount0AndPositionalYieldScoreSpecifiedTwiceError ... PASS
ParseHybridTest.testCombineLinearCount0AndPositionalYieldScoreSpecifiedTwiceError ... PASS
ParseHybridTest.testYieldScoreWithoutCombineError ... PASS
ParseHybridTest.testCombineRRFWithoutArgument ... PASS
ParseHybridTest.testCombineRRFWithoutArgumentAfterParams ... PASS
ParseHybridTest.testCombineLinearWithoutArgument ... PASS
ParseHybridTest.testCombineLinearWithoutArgumentAfterParams ... PASS
ParseHybridTest.testWithCombineRRF ... PASS
ParseHybridTest.testWithCombineRRFWithConstant ... PASS
ParseHybridTest.testWithCombineRRFWithWindow ... PASS
ParseHybridTest.testWithCombineRRFWithConstantAndWindow ... PASS
ParseHybridTest.testWithCombineRRFWithFloatConstant ... PASS
ParseHybridTest.testComplexSingleLineCommand ... PASS
ParseHybridTest.testExplicitWindowAndLimitWithImplicitK ... PASS
ParseHybridTest.testNOSORTDisablesImplicitSort ... PASS
ParseHybridTest.testSortByFieldDoesNotDisableImplicitSort ... PASS
ParseHybridTest.testNoSortByWillHaveImplicitSort ... PASS
ParseHybridTest.testVsimBasicKNNWithFilter ... PASS
ParseHybridTest.testVsimKNNWithEFRuntime ... PASS
ParseHybridTest.testVsimBasicKNNNoFilter ... PASS
ParseHybridTest.testVsimKNNWithYieldDistanceOnly ... PASS
ParseHybridTest.testVsimRangeBasic ... PASS
ParseHybridTest.testVsimRangeWithEpsilon ... PASS
ParseHybridTest.testVsimRangeWithFilter ... PASS
ParseHybridTest.testExternalCommandWith_NUM_SSTRING ... PASS
ParseHybridTest.testExternalCommandWithWithScores ... PASS
ParseHybridTest.testInternalCommandWith_NUM_SSTRING ... PASS
ParseHybridTest.testVsimInvalidFilterWeight ... PASS
ParseHybridTest.testVsimInvalidFilterVectorField ... PASS
ParseHybridTest.testMissingSearchArgument ... PASS
ParseHybridTest.testMissingQueryStringAfterSearch ... PASS
ParseHybridTest.testMissingSecondSearchArgument ... PASS
ParseHybridTest.testInvalidSearchAfterSearch ... PASS
ParseHybridTest.testVsimMissingVectorField ... PASS
ParseHybridTest.testVsimMissingVectorArgument ... PASS
ParseHybridTest.testVsimVectorFieldMissingAtPrefix ... PASS
ParseHybridTest.testBlobWithoutParams ... PASS
ParseHybridTest.testDirectVector ... PASS
ParseHybridTest.testKNNMissingArgumentCount ... PASS
ParseHybridTest.testVsimKNNOddParamCount ... PASS
ParseHybridTest.testKNNZeroArgumentCount ... PASS
ParseHybridTest.testVsimSubqueryMissingK ... PASS
ParseHybridTest.testKNNInvalidKValue ... PASS
ParseHybridTest.testKNNNegativeKValue ... PASS
ParseHybridTest.testKNNZeroKValue ... PASS
ParseHybridTest.testVsimKNNDuplicateK ... PASS
ParseHybridTest.testVsimKNNDuplicateEFRuntime ... PASS
ParseHybridTest.testKNNDuplicateYieldDistanceAs ... PASS
ParseHybridTest.testVsimKNNWithEpsilon ... PASS
ParseHybridTest.testKNNCountingYieldDistanceAs ... PASS
ParseHybridTest.testRangeMissingArgumentCount ... PASS
ParseHybridTest.testVsimSubqueryWrongParamCount ... PASS
ParseHybridTest.testVsimRangeOddParamCount ... PASS
ParseHybridTest.testRangeZeroArgumentCount ... PASS
ParseHybridTest.testRangeInvalidRadiusValue ... PASS
ParseHybridTest.testVsimRangeDuplicateRadius ... PASS
ParseHybridTest.testVsimRangeDuplicateEpsilon ... PASS
ParseHybridTest.testRangeDuplicateYieldDistanceAs ... PASS
ParseHybridTest.testRangeCountingYieldDistanceAs ... PASS
ParseHybridTest.testVsimRangeWithEFRuntime ... PASS
ParseHybridTest.testCombineRRFInvalidConstantValue ... PASS
ParseHybridTest.testDefaultTextScorerForLinear ... PASS
ParseHybridTest.testExplicitTextScorerForLinear ... PASS
ParseHybridTest.testDefaultTextScorerForRRF ... PASS
ParseHybridTest.testExplicitTextScorerForRRF ... PASS
ParseHybridTest.testLinearPartialWeightsAlpha ... PASS
ParseHybridTest.testLinearMissingArgs ... PASS
ParseHybridTest.testLinearPartialWeightsBeta ... PASS
ParseHybridTest.testLinearNegativeArgumentCount ... PASS
ParseHybridTest.testLinearMissingArgumentCount ... PASS
ParseHybridTest.testKNNMissingKValue ... PASS
ParseHybridTest.testKNNMissingEFRuntimeValue ... PASS
ParseHybridTest.testRangeMissingRadiusValue ... PASS
ParseHybridTest.testRangeMissingEpsilonValue ... PASS
ParseHybridTest.testLinearMissingAlphaValue ... PASS
ParseHybridTest.testLinearMissingBetaValue ... PASS
ParseHybridTest.testKNNMissingYieldDistanceAsValue ... PASS
ParseHybridTest.testRangeMissingYieldDistanceAsValue ... PASS
ParseHybridTest.testLimitZeroCountWithNonZeroOffset ... PASS
ParseHybridTest.testLimitInvalidOffset ... PASS
ParseHybridTest.testLimitInvalidCount ... PASS
ParseHybridTest.testLimitOnlyOffset ... PASS
ParseHybridTest.testLimitExceedsMaxResults ... PASS
ParseHybridTest.testParamsOddArgumentCount ... PASS
ParseHybridTest.testSortByMissingFieldName ... PASS
ParseHybridTest.testParamsZeroArguments ... PASS
ParseHybridTest.testParamsSpecifiedMultipleTimes ... PASS
ParseHybridTest.testWithCursorInvalidMaxIdle ... PASS
ParseHybridTest.testWithCursorInvalidCount ... PASS
ParseHybridTest.testGroupByNoProperties ... PASS
ParseHybridTest.testGroupByPropertyMissingAtPrefix ... PASS
ParseHybridTest.testApplyMissingAsArgument ... PASS
ParseHybridTest.testLoadInvalidFieldCount ... PASS
ParseHybridTest.testLoadInsufficientFields ... PASS
ParseHybridTest.testCombineRRFWithOddArgumentCount ... PASS
ParseHybridTest.testCombineRRFWithOddArgumentCountAfterParams ... PASS
ParseHybridTest.testDialectInSearchSubquery ... PASS
ParseHybridTest.testDialectInVectorRangeSubquery ... PASS
ParseHybridTest.testDialectInVectorKNNSubquery ... PASS
ParseHybridTest.testDialectInTail ... PASS
ParseHybridTest.testCombineRRFNegativeWindow ... PASS
ParseHybridTest.testCombineLinearNegativeWindow ... PASS
ParseHybridTest.testCombineRRFZeroWindow ... PASS
ParseHybridTest.testCombineLinearZeroWindow ... PASS
ParseHybridTest.testSortby0InvalidArgumentCount ... PASS
ParseHybridTest.testSortbyNotEnoughArguments ... PASS
ParseHybridTest.testHybridSubqueriesCountMissing ... PASS
ParseHybridTest.testHybridSubqueriesCountInvalid ... PASS
ParseHybridTest.testHybridSubqueriesCountInvalidThree ... PASS
ParseHybridTest.testHybridSubqueriesCountInvalidOne ... PASS
ParseHybridTest.testHybridSubqueriesCountInvalidRange ... PASS
ParseHybridTest.testHybridSubqueriesCountInvalidKeyword ... PASS
ParseHybridTest.testShardKRatioValidMinValue ... PASS
ParseHybridTest.testShardKRatioValidMidValue ... PASS
ParseHybridTest.testShardKRatioValidFromParams ... PASS
ParseHybridTest.testShardKRatioInvalidFromParams ... PASS
ParseHybridTest.testShardKRatioValidMaxValue ... PASS
ParseHybridTest.testShardKRatioInvalidBelowMin ... PASS
ParseHybridTest.testShardKRatioInvalidAboveMax ... PASS
ParseHybridTest.testShardKRatioInvalidNegative ... PASS
ParseHybridTest.testShardKRatioInvalidNonNumeric ... PASS
ParseHybridTest.testShardKRatioMissingValue ... PASS
ParseHybridTest.testShardKRatioMissingValueAtEnd ... PASS
ParseHybridTest.testShardKRatioWrongPosition ... PASS
ParseHybridTest.testShardKRatioDuplicate ... PASS
ParseHybridTest.testShardKRatioWithFilter ... PASS
ParseHybridTest.testShardKRatiowithFilterAndPostFilter ... PASS
ParseHybridTest.testShardKRatioAfterYieldScoreAs ... PASS
ParseHybridTest.testShardKRatioBeforeYieldScoreAs ... PASS
ParseHybridTest.testShardKRatioDefaultValue ... PASS
HybridRequestParseTest.testFilterBatchSize ... PASS
HybridRequestParseTest.testPolicyBatchesWithBatchSize ... PASS
HybridRequestParseTest.testHybridRequestPipelineBuildingBasic ... PASS
HybridRequestParseTest.testPolicyAdhoc ... PASS
HybridRequestParseTest.testHybridRequestRRFScoringWithCustomConstant ... PASS
HybridRequestParseTest.testHybridRequestBuildPipelineMinimal ... PASS
HybridRequestParseTest.testHybridRequestBuildPipelineTail ... PASS
HybridRequestParseTest.testHybridRequestImplicitLoad ... PASS
HybridRequestParseTest.testHybridRequestExplicitLoadPreserved ... PASS
HybridRequestParseTest.testHybridRequestNoImplicitSortWithExplicitSort ... PASS
HybridRequestParseTest.testHybridRequestMultipleLoads ... PASS
HybridRequestParseTest.testHybridRequestImplicitSortByScore ... PASS
HybridRequestParseTest.testHybridRequestLinearScoringWithLimit ... PASS
HybridRequestParseTest.testHybridRequestRRFWindowArrangeStep ... PASS
HybridRequestParseTest.testHybridRequestLinearWindowArrangeStep ... PASS
HybridRequestParseTest.testKeyCorrespondenceBetweenSearchAndTailPipelinesImplicit ... PASS
HybridRequestParseTest.testHybridSkipIndexResultDeepCopyWhenTailHasNoReader ... PASS
HybridRequestParseTest.testKeyCorrespondenceBetweenSearchAndTailPipelines ... PASS
HybridRequestParseTest.testHybridForceIndexResultDeepCopyWhenTailReadsIt ... PASS
QueryTest.testParser_delta ... PASS
QueryTest.testDiskVectorQueryRestrictions ... PASS
QueryTest.testParser_v1 ... PASS
QueryTest.testParser_v2 ... PASS
QueryTest.testVectorHybridQuery ... PASS
QueryTest.testPureNegative ... PASS
QueryTest.testDoubleNegationOptimization ... PASS
QueryTest.testGeoQuery_v1 ... PASS
QueryTest.testFieldSpec_v1 ... PASS
QueryTest.testGeoQuery_v2 ... PASS
QueryTest.testFieldSpec_v2 ... PASS
QueryTest.testAttributes ... PASS
QueryTest.testWildcard ... PASS
QueryTest.testTags ... PASS
QueryErrorTest.testQueryErrorStrerror ... PASS
QueryErrorTest.testQueryErrorSetError ... PASS
QueryErrorTest.testQueryErrorSetCode ... PASS
QueryErrorTest.testQueryErrorNoOverwrite ... PASS
QueryErrorTest.testQueryErrorClear ... PASS
QueryErrorTest.testQueryErrorGetCode ... PASS
QueryErrorTest.testQueryErrorWithoutUserDataFmt ... PASS
QueryErrorTest.testQueryErrorWithUserDataFmt ... PASS
QueryErrorTest.testQueryErrorCloneFrom ... PASS
QueryErrorTest.testQueryErrorGetDisplayableError ... PASS
QueryErrorTest.testQueryErrorAllErrorCodes ... PASS
QueryErrorTest.testQueryErrorMaybeSetCode ... PASS
QueryErrorTest.testGetCodeFromMessageRecognizesErrorFormOnly ... PASS
QueryErrorTest.testQueryErrorEdgeCases ... PASS
QueryValidationTest.testValidVectorFilter ... PASS
QueryValidationTest.testInvalidVectorFilter ... PASS
QueryValidationTest.testValidHybridSearch ... PASS
QueryValidationTest.testInvalidHybridSearch ... PASS
RdbMockTest.testBasicRdbOperations ... PASS
RdbMockTest.testCreateIndexSpec ... PASS
RdbMockTest.testIndexSpecRdbSerialization ... PASS
RdbMockTest.testIndexSpecRdbLoadNormalizesInvalidStorageFlags ... PASS
RdbMockTest.testIndexSpecStringSerialize ... PASS
RdbMockTest.testDuplicateIndexRdbLoad ... PASS
RdbMockTest.testSynonymMapRdbSerialization ... PASS
RdbMockTest.testSynonymMapRdbLoadExceedsTermsLimit ... PASS
RdbMockTest.testTermDataRdbLoadExceedsGroupIdsLimit ... PASS
RdbMockTest.testSynonymMapRdbLoadValidGroupIds ... PASS
RdbMockTest.testTriePayloadNoOverflow ... PASS
RdbMockTest.testTriePayloadOverflowDirectInsert ... PASS
RdbMockTest.testSchemaPrefixesRdbLoadExceedsLimit ... PASS
RdbMockTest.testStopWordListRdbLoadExceedsLimit ... PASS
RdbMockTest.testDocTableLegacyRdbLoadOverflow ... PASS
RdbMockTest.testHnswRerankRdbRoundtrip ... PASS
ResultProcessorTest.testmergeFlags_NoFlags ... PASS
ResultProcessorTest.testProcessorChain ... PASS
ResultProcessorTest.testmergeFlags_ExpiredDoc ... PASS
ResultProcessorTest.testmergeFlags_OwnsIndexResultNotPropagated ... PASS
SchemaRuleTest.testCreateFromACPrefixes ... PASS
SchemaRuleTest.testCreateFromACEquivalentToCArray ... PASS
SchemaRuleTest.testCreateFromACEmpty ... PASS
SchemaRuleTest.testCreateFromACTooManyPrefixes ... PASS
SchemaRuleTest.testCreateFromCArrayTooManyPrefixes ... PASS
SchemaRuleTest.testCreateFromACInvalidType ... PASS
SlotRangesTest.testBinarySerializationBasic ... PASS
SlotRangesTest.testBinarySerializationMultipleRanges ... PASS
SlotRangesTest.testBinarySerializationManyRanges ... PASS
SlotRangesTest.testBinaryDeserializationInvalidData ... PASS
SlotRangesTest.testBinarySerializationExtremeValues ... PASS
SlotRangesTest.testBinarySerializationVeryManyRanges ... PASS
SlotRangesTest.testRedisClusterSlotRanges ... PASS
SlotRangesTest.testSlotsCanAccessKeysInSlot ... PASS
StopwordsInfoTest.testInfoEmptyList ... PASS
StopwordsInfoTest.testInfoTerm ... PASS
StopwordsInfoTest.testInfoNullList ... PASS
RdbMockTest.testTrieRdbLoadMoreThan65535Elements ... PASS
SuffixChooseTokenTest.questionMarkInFirstTokenStillSelects ... PASS
SuffixChooseTokenTest.multipleStarsSelectByTokenOrdinal ... PASS
SuffixChooseTokenTest.runeAgreesWithChar ... PASS
SuffixChooseTokenTest.noTokenIsUninitialized ... PASS
SuffixChooseTokenTest.shortTokensAreSelected ... PASS
SuffixChooseTokenTest.multiByteCharsScoredByRune ... PASS
TagIndexTest.testDuplicateTagValuesCountOnce ... PASS
TagIndexTest.testSepString ... PASS
TagIndexTest.testSkipToLastId ... PASS
TagIndexTest.testTokenizeViaPreprocess ... PASS
TagIndexTest.testSepStringIndexEmpty ... PASS
TagIndexTest.testCreate ... PASS
TagIndexTest.testOpenReaderEdgeCases ... PASS
TagIndexTest.testGetIteratorFromTrieMapValueNull ... PASS
TagIndexTest.testCommitAndOverheadWithSuffix ... PASS
TokenizerTest.testTokenize ... PASS
TokenizerTest.testEscapedSeparator ... PASS
TokenizerTest.testKoreanLanguage ... PASS
TrieTest.testBasicRange ... PASS
TrieTest.testBasicRangeWithScore ... PASS
TrieTest.testRangeBoundaryPrefix ... PASS
TrieTest.testDeepEntry ... PASS
TrieTest.testPayload ... PASS
TokenizerTest.testTrailingEscapes ... PASS
TrieTest.testFreeCallback ... PASS
TokenizerTest.testChineseMixed ... PASS
TrieTest.testLexOrder ... PASS
TrieTest.testScoreOrder ... PASS
TrieTest.testSubtreeMaxScoreCoversIncrAndSplit ... PASS
TrieTest.testScoreOrderMaintainedAfterIncrStorm ... PASS
TrieTest.testRotateChildIntoPlace ... PASS
TrieTest.testBasicRdbSaveLoad ... PASS
TrieTest.testRdbSaveLoadPayloadsNotSerialized ... PASS
TrieTest.testRdbSaveLoadWithPayloads ... PASS
TrieTest.testRdbSaveLoadWithoutPayloads ... PASS
TrieTest.testRdbSaveLoadEmptyTrie ... PASS
TrieTest.testRdbSaveLoadLexSortedTrie ... PASS
TrieTest.testDecrementNumDocsRepresentable ... PASS
TrieTest.testDecrementNumDocsUnrepresentableLongTerm ... PASS
TrieTest.testDecrementNumDocsMissingRepresentable ... PASS
TrieTest.testRdbSaveLoadLexRangePreservesQueries ... PASS
TrieTest.testRdbSaveLoadWithNumDocs ... PASS
TrieTest.testSearchTrimDropsTail ... PASS
UnicodeToLowerTest.testBasicLowercase ... PASS
UnicodeToLowerTest.testUnicodeCharacters ... PASS
UnicodeToLowerTest.testEmptyAndSpecialCases ... PASS
UnicodeToLowerTest.testLongString ... PASS
UnicodeToLowerTest.testTurkishDottedI ... PASS
UnicodeToLowerTest.testSpecialUnicodeCase ... PASS
UnicodeToLowerTest.testSupplementaryPlaneBit12 ... PASS
UnicodeToLowerTest.testSupplementaryPlaneNoBit12 ... PASS
UnicodeToLowerTest.testEmbeddedNulAsciiPrefix ... PASS
UnicodeToLowerTest.testEmbeddedNulAtStart ... PASS
UnicodeToLowerTest.testEmbeddedNulBeforeMultibyte ... PASS
UnicodeToLowerTest.testEmbeddedNulAfterMultibyte ... PASS
UtilsTest.testHLL ... PASS
UtilsTest.testDoublesHeap ... PASS
ValueTest.testBasic ... PASS
ValueTest.testArray ... PASS
ValueTest.testNumericFormat ... PASS
BinarySlotRangeVariations/AREQBinarySlotRangeTest.testBinarySlotRangeParsing/56-byte object <90-3D 7F-AF AA-AA 00-00 94-3D 7F-AF AA-AA 00-00 94-3D 7F-AF AA-AA 00-00 50-3D 7F-AF AA-AA 00-00 11-00 00-00 00-00 00-00 11-00 00-00 00-00 00-00 00-00 00-00 00-00 00-00> ... PASS
BinarySlotRangeVariations/AREQBinarySlotRangeTest.testBinarySlotRangeParsing/56-byte object <70-3D 7F-AF AA-AA 00-00 7C-3D 7F-AF AA-AA 00-00 7C-3D 7F-AF AA-AA 00-00 10-3D 7F-AF AA-AA 00-00 11-00 00-00 00-00 00-00 11-00 00-00 00-00 00-00 00-00 00-00 00-00 00-00> ... PASS
BinarySlotRangeVariations/AREQBinarySlotRangeTest.testBinarySlotRangeParsing/56-byte object <30-36 7F-AF AA-AA 00-00 34-36 7F-AF AA-AA 00-00 34-36 7F-AF AA-AA 00-00 E0-36 7F-AF AA-AA 00-00 14-00 00-00 00-00 00-00 14-00 00-00 00-00 00-00 00-00 00-00 00-00 00-00> ... PASS
BinarySlotRangeVariations/AREQBinarySlotRangeTest.testBinarySlotRangeParsing/56-byte object <50-36 7F-AF AA-AA 00-00 58-36 7F-AF AA-AA 00-00 58-36 7F-AF AA-AA 00-00 90-36 7F-AF AA-AA 00-00 19-00 00-00 00-00 00-00 19-00 00-00 00-00 00-00 00-00 00-00 00-00 00-00> ... PASS
BinarySlotRangeVariations/AREQBinarySlotRangeTest.testBinarySlotRangeParsing/56-byte object <50-36 7F-AF AA-AA 00-00 58-36 7F-AF AA-AA 00-00 58-36 7F-AF AA-AA 00-00 90-36 7F-AF AA-AA 00-00 1A-00 00-00 00-00 00-00 1A-00 00-00 00-00 00-00 00-00 00-00 00-00 00-00> ... PASS
BinarySlotRangeVariations/AREQBinarySlotRangeTest.testBinarySlotRangeParsing/56-byte object <50-36 7F-AF AA-AA 00-00 60-36 7F-AF AA-AA 00-00 60-36 7F-AF AA-AA 00-00 90-36 7F-AF AA-AA 00-00 18-00 00-00 00-00 00-00 18-00 00-00 00-00 00-00 00-00 00-00 00-00 00-00> ... PASS
BinarySlotRangeVariations/AREQBinarySlotRangeTest.testBinarySlotRangeParsing/56-byte object <50-36 7F-AF AA-AA 00-00 54-36 7F-AF AA-AA 00-00 54-36 7F-AF AA-AA 00-00 48-2F 7F-AF AA-AA 00-00 0E-00 00-00 00-00 00-00 6D-61 78-5F 73-6C 6F-74 5F-72 61-6E 67-65 00-00> ... PASS
BinarySlotRangeVariations/AREQBinarySlotRangeTest.testBinarySlotRangeParsing/56-byte object <50-36 7F-AF AA-AA 00-00 5C-36 7F-AF AA-AA 00-00 5C-36 7F-AF AA-AA 00-00 70-5C 7F-AF AA-AA 00-00 1E-00 00-00 00-00 00-00 1E-00 00-00 00-00 00-00 5F-72 61-6E 67-65 00-00> ... PASS
BinarySlotRangeVariations/AREQBinarySlotRangeTest.testBinarySlotRangeParsing/56-byte object <50-36 7F-AF AA-AA 00-00 5C-36 7F-AF AA-AA 00-00 5C-36 7F-AF AA-AA 00-00 70-5C 7F-AF AA-AA 00-00 20-00 00-00 00-00 00-00 20-00 00-00 00-00 00-00 5F-72 61-6E 67-65 00-00> ... PASS
BinarySlotRangeVariations/AREQBinarySlotRangeTest.testBinarySlotRangeParsing/56-byte object <F0-3E 7F-AF AA-AA 00-00 FC-3E 7F-AF AA-AA 00-00 FC-3E 7F-AF AA-AA 00-00 70-5C 7F-AF AA-AA 00-00 20-00 00-00 00-00 00-00 20-00 00-00 00-00 00-00 5F-72 61-6E 67-65 00-00> ... PASS
IndexFlagsP/IndexFlagsTest.testRWFlags/19 ... PASS
IndexFlagsP/IndexFlagsTest.testRWFlags/147 ... PASS
IndexFlagsP/IndexFlagsTest.testRWFlags/18 ... PASS
IndexFlagsP/IndexFlagsTest.testRWFlags/146 ... PASS
IndexFlagsP/IndexFlagsTest.testRWFlags/16 ... PASS
IndexFlagsP/IndexFlagsTest.testRWFlags/2 ... PASS
IndexFlagsP/IndexFlagsTest.testRWFlags/130 ... PASS
IndexFlagsP/IndexFlagsTest.testRWFlags/3 ... PASS
IndexFlagsP/IndexFlagsTest.testRWFlags/131 ... PASS
IndexFlagsP/IndexFlagsTest.testRWFlags/1 ... PASS
IndexFlagsP/IndexFlagsTest.testRWFlags/17 ... PASS
IndexFlagsP/IndexFlagsTest.testRWFlags/0 ... PASS
LockingVariants/RPSafeDepleterTest.RPSafeDepleter_Basic/WithoutIndexLock  # GetParam() = false ... PASS
LockingVariants/RPSafeDepleterTest.RPSafeDepleter_Basic/WithIndexLock  # GetParam() = true ... PASS
LockingVariants/RPSafeDepleterTest.RPSafeDepleter_Timeout/WithoutIndexLock  # GetParam() = false ... PASS
LockingVariants/RPSafeDepleterTest.RPSafeDepleter_Timeout/WithIndexLock  # GetParam() = true ... PASS
WorkersAdminJobsMetricTest.MetricIncreasesOnThreadResize ... PASS
LockingVariants/RPSafeDepleterTest.RPSafeDepleter_Error/WithoutIndexLock  # GetParam() = false ... PASS
LockingVariants/RPSafeDepleterTest.RPSafeDepleter_Error/WithIndexLock  # GetParam() = true ... PASS
LockingVariants/RPSafeDepleterTest.RPSafeDepleter_LazyTimeoutThenWaitForCompletion/WithoutIndexLock  # GetParam() = false ... PASS
LockingVariants/RPSafeDepleterTest.RPSafeDepleter_LazyTimeoutThenWaitForCompletion/WithIndexLock  # GetParam() = true ... PASS
LockingVariants/RPSafeDepleterTest.RPSafeDepleter_StartDepletionTimeoutBailout/WithoutIndexLock  # GetParam() = false ... PASS
LockingVariants/RPSafeDepleterTest.RPSafeDepleter_StartDepletionTimeoutBailout/WithIndexLock  # GetParam() = true ... PASS
FGCTestTag.testPipeErrorDuringApply ... PASS
PriorityThpoolTestBasic/PriorityThpoolTestBasic.AllLowPriority/16-byte object <01-00 00-00 00-00 00-00 01-00 00-00 00-00 00-00> ... PASS
PriorityThpoolTestBasic/PriorityThpoolTestBasic.HighLowHighTest/16-byte object <01-00 00-00 00-00 00-00 01-00 00-00 00-00 00-00> ... PASS
LockingVariants/RPSafeDepleterTest.RPSafeDepleter_CrossWakeup/WithIndexLock  # GetParam() = true ... PASS
LockingVariants/RPSafeDepleterTest.RPSafeDepleter_CrossWakeup/WithoutIndexLock  # GetParam() = false ... PASS
PriorityThpoolTestBasic/PriorityThpoolTestBasic.AllHighPriority/16-byte object <01-00 00-00 00-00 00-00 01-00 00-00 00-00 00-00> ... PASS
PriorityThpoolTestFunctionality/PriorityThpoolTestFunctionality.TestTerminateWhenEmpty/16-byte object <02-00 00-00 00-00 00-00 00-00 00-00 00-00 00-00> ... PASS
PriorityThpoolTestRuntimeConfig/PriorityThpoolTestRuntimeConfig.TestAddThreads/16-byte object <05-00 00-00 00-00 00-00 00-00 00-00 00-00 00-00> ... PASS
PriorityThpoolTestWithoutBiasThreads/PriorityThpoolTestWithoutBiasThreads.CombinationTest/16-byte object <01-00 00-00 00-00 00-00 00-00 00-00 00-00 00-00> ... PASS
PriorityThpoolTestRuntimeConfig/PriorityThpoolTestRuntimeConfig.TestRemoveThreads/16-byte object <05-00 00-00 00-00 00-00 00-00 00-00 00-00 00-00> ... PASS
PriorityThpoolTestRuntimeConfig/PriorityThpoolTestRuntimeConfig.TestReinitializeThreadsWhileTerminateWhenEmptyCase1b/16-byte object <05-00 00-00 00-00 00-00 00-00 00-00 00-00 00-00> ... PASS
PriorityThpoolTestRuntimeConfig/PriorityThpoolTestRuntimeConfig.TestReinitializeThreadsWhileTerminateWhenEmptyCase1b2/16-byte object <05-00 00-00 00-00 00-00 00-00 00-00 00-00 00-00> ... PASS
PriorityThpoolTestRuntimeConfig/PriorityThpoolTestRuntimeConfig.TestReinitializeThreadsWhileTerminateWhenEmptyCase1a/16-byte object <05-00 00-00 00-00 00-00 00-00 00-00 00-00 00-00> ... PASS
PriorityThpoolTestRuntimeConfig/PriorityThpoolTestRuntimeConfig.TestWorkerCanAddJobsWhileTerminateWhenEmpty/16-byte object <05-00 00-00 00-00 00-00 00-00 00-00 00-00 00-00> ... PASS
PriorityThpoolTestRuntimeConfig/PriorityThpoolTestRuntimeConfig.TestAddThreadsToEmptyPool/16-byte object <05-00 00-00 00-00 00-00 00-00 00-00 00-00 00-00> ... PASS
test_distagg ... PASS
ClusterIOThreadsTest.TestIOThreadsResize ... PASS
ClusterTopologyFromAPITest.ThreeMasters_LocalIsMaster ... PASS
ClusterTopologyFromAPITest.NoAuth_PasswordIsNull ... PASS
ClusterTopologyFromAPITest.EmptyAuthString_PasswordIsNull ... PASS
ClusterTopologyFromAPITest.ReplicaFilteredOut ... PASS
ClusterTopologyFromAPITest.SlotlessMasterFilteredOut ... PASS
ClusterTopologyFromAPITest.InvalidEndpointsSkipped ... PASS
ClusterTopologyFromAPITest.LocalIsReplica_NotAnError ... PASS
ClusterTopologyFromAPITest.LocalIsSlotlessMaster_NotAnError ... PASS
PriorityThpoolTestRuntimeConfig/PriorityThpoolTestRuntimeConfig.TestSetToZeroWhileTerminateWhenEmpty/16-byte object <05-00 00-00 00-00 00-00 00-00 00-00 00-00 00-00> ... PASS
ClusterTopologyFromAPITest.EmptyCluster_ReturnsNull ... PASS
ClusterTopologyFromAPITest.NoValidShards_ReturnsNull ... PASS
ClusterTopologyFromAPITest.MyselfNotFound_ReturnsNull ... PASS
ClusterTopologyFromAPITest.MultipleSlotRangesPerShard ... PASS
ClusterTopologyFromAPITest.SlotRangesAreOwned ... PASS
ClusterSetTest.BasicTopologyParsing_SingleRangePerShard ... PASS
ClusterSetTest.SingleShardFullRange ... PASS
ClusterSetTest.WithUnixSocket ... PASS
ClusterSetTest.MultipleRangesPerShard_TwoRanges ... PASS
ClusterSetTest.MultipleRangesPerShard_ThreeRanges ... PASS
ClusterSetTest.MultipleRangesPerShard_MixedConfiguration ... PASS
ClusterSetTest.WithReplicas_ReplicasIgnored ... PASS
ClusterSetTest.MultipleReplicasPerMaster ... PASS
ClusterSetTest.ReplicasWithMultipleRanges ... PASS
ClusterSetTest.MissingSLOTRANGE ... PASS
ClusterSetTest.Error_MissingMYID ... PASS
ClusterSetTest.Error_MissingRANGES ... PASS
ClusterSetTest.Error_BadHashFunc ... PASS
ClusterSetTest.Error_NumSlotsTooLarge ... PASS
ClusterSetTest.Error_TooFewRanges ... PASS
PriorityThpoolTestBiasAndNonBias/PriorityThpoolTestBiasAndNonBias.TestTakingTasksAsBias/16-byte object <02-00 00-00 00-00 00-00 01-00 00-00 00-00 00-00> ... PASS
ClusterSetTest.Error_TooFewRangesGiven ... PASS
ClusterSetTest.Error_TooManyRangesGiven ... PASS
ClusterSetTest.Error_InvalidSlotRange_StartGreaterThanEnd ... PASS
ClusterSetTest.Error_InvalidSlotRange_EndTooLarge ... PASS
ClusterSetTest.Error_InvalidSlotRange_EndTooLargeCustomNumSlots ... PASS
ClusterSetTest.Error_MissingADDR ... PASS
ClusterSetTest.Error_InvalidADDR ... PASS
ClusterSetTest.Error_MultipleADDR ... PASS
ClusterSetTest.Error_MultipleUNIXADDR ... PASS
ClusterSetTest.Error_MYIDNotFound ... PASS
ClusterSetTest.Error_UnexpectedArgument ... PASS
ClusterSetTest.Error_MissingSHARD ... PASS
ClusterSetTest.Error_IncompleteSLOTRANGE_MissingEnd ... PASS
ClusterSetTest.Error_RANGESCountMismatch_TooFew ... PASS
ClusterSetTest.Error_ExtraArgumentsAfterRanges ... PASS
ClusterSetTest.Error_ZeroRANGES ... PASS
ClusterSetTest.Error_MissingADDRValue ... PASS
ClusterSetTest.Error_MissingUNIXADDRValue ... PASS
ClusterSetTest.Error_MultipleSLOTRANGE_SameBlock ... PASS
ClusterSetTest.Error_MultipleADDR_SameBlock ... PASS
ClusterSetTest.Error_MultipleUNIXADDR_SameBlock ... PASS
ClusterSetTest.Error_ConflictingADDR_Password ... PASS
ClusterSetTest.Error_ConflictingADDR_Port ... PASS
ClusterSetTest.Error_SLOTRANGE_OutOfOrder ... PASS
ClusterSetTest.Error_SLOTRANGE_Consecutive ... PASS
ClusterSetTest.EdgeCase_SingleSlotRange ... PASS
ClusterSetTest.EdgeCase_CRC12HashFunc ... PASS
ClusterSetTest.EdgeCase_CustomNUMSLOTS ... PASS
ClusterSetTest.EdgeCase_HostnameWithDomain ... PASS
ClusterSetTest.EdgeCase_ManyShards ... PASS
ClusterSetTest.EdgeCase_LocalShardEmpty ... PASS
ClusterSetTest.EdgeCase_LocalShardReplica ... PASS
ClusterSetTest.ShortForm_HappyPath ... PASS
ClusterSetTest.ShortForm_FirstArgNotAuth ... PASS
ClusterSetTest.ShortForm_FromAPIFails_NoLocalNode ... PASS
ClusterSetTest.ShortForm_FromAPIFails_EmptyCluster ... PASS
ClusterSetTest.ShortForm_DispatchBoundary_NotArgcThree ... PASS
MRCommandTest.testBasicCommandCreation ... PASS
MRCommandTest.testCommandCreationFromArgv ... PASS
MRCommandTest.testCommandCopy ... PASS
MRCommandTest.testCommandAppend ... PASS
MRCommandTest.testCommandInsert ... PASS
MRCommandTest.testCommandReplaceArg ... PASS
MRCommandTest.testCommandSetPrefix ... PASS
MRCommandTest.testCommandReplacePrefixExisting ... PASS
MRCommandTest.testAddSlotRangeInfoToHybridCommand ... PASS
MRCommandTest.testAddSlotRangeInfoToSearchCommand ... PASS
MRCommandTest.testAddSlotRangeInfoToAggregateCommand ... PASS
DistributeCollectTest.FieldsList_NoSortBy_NoLimit ... PASS
DistributeCollectTest.FieldsList_SortByOnly_NoLimit ... PASS
DistributeCollectTest.FieldsList_NoSortBy_Limit_RewritesRemoteLimit ... PASS
DistributeCollectTest.FieldsList_SortBy_Limit_RewritesRemoteLimit ... PASS
DistributeCollectTest.FieldsStar_NoSortBy_NoLimit ... PASS
DistributeCollectTest.FieldsStar_SortByOnly_NoLimit ... PASS
DistributeCollectTest.FieldsStar_NoSortBy_Limit_RewritesRemoteLimit ... PASS
DistributeCollectTest.FieldsStar_SortBy_Limit_RewritesRemoteLimit ... PASS
DistributeCollectTest.KeywordCase_NormalizedOnRemote_VerbatimOnLocal ... PASS
HybridBuildMRCommandTest.testBasicCommandTransformation ... PASS
HybridBuildMRCommandTest.testCommandWithParams ... PASS
HybridBuildMRCommandTest.testCommandWithTimeout ... PASS
HybridBuildMRCommandTest.testCommandWithDialect ... PASS
HybridBuildMRCommandTest.testCommandWithCombine ... PASS
HybridBuildMRCommandTest.testFilterWithPolicyBatches ... PASS
HybridBuildMRCommandTest.testFilterWithPolicyAndBatchSize ... PASS
HybridBuildMRCommandTest.testFilterWithBatchSize ... PASS
HybridBuildMRCommandTest.testFilterWithBatchSizeAndPolicyReversed ... PASS
HybridBuildMRCommandTest.testFilterWithPolicyBatchSizeAndCombine ... PASS
HybridBuildMRCommandTest.testComplexCommandWithAllParams ... PASS
HybridBuildMRCommandTest.testComplexCommandParamsAfterTimeout ... PASS
HybridBuildMRCommandTest.testMinimalCommand ... PASS
HybridBuildMRCommandTest.testExplainScoreNotForwardedFromArgvText ... PASS
HybridBuildMRCommandTest.testShardKRatioModifiesK ... PASS
HybridBuildMRCommandTest.testShardKRatioMinGuarantee ... PASS
HybridBuildMRCommandTest.testShardKRatioNoModificationWhenRatioIsOne ... PASS
HybridBuildMRCommandTest.testCombineRRFZeroCountReconstructed ... PASS
HybridBuildMRCommandTest.testCombineRRFZeroCountPositionalAliasReconstructed ... PASS
HybridBuildMRCommandTest.testCombineRRFCountedAliasReconstructed ... PASS
HybridBuildMRCommandTest.testCombineRRFCountedAliasAndConstantReconstructed ... PASS
HybridBuildMRCommandTest.testCombineLinearZeroCountReconstructed ... PASS
HybridBuildMRCommandTest.testCombineLinearCountedAliasReconstructed ... PASS
HybridBuildMRCommandTest.testCombineLinearCountedAliasAndWindowReconstructed ... PASS
HybridBuildMRCommandTest.testCombineLinearArgsCountedAliasAndWindowReconstructed ... PASS
HybridBuildMRCommandTest.testNoCombineForwardsResolvedDefault ... PASS
HybridBuildMRCommandTest.testCombineLinearZeroCountPositionalAliasReconstructed ... PASS
HybridBuildMRCommandTest.testCombineRRFFullPositionalAliasReconstructed ... PASS
HybridBuildMRCommandTest.testCombineInsideParamsNotMistakenForClause ... PASS
IORuntimeCtxCommonTest.InitialState ... PASS
IORuntimeCtxCommonTest.Schedule ... PASS
IORuntimeCtxCommonTest.ScheduleTopology ... PASS
IORuntimeCtxCommonTest.MultipleTopologyUpdates ... PASS
IORuntimeCtxCommonTest.ClearPendingTopo ... PASS
IORuntimeCtxCommonTest.ActiveTopologyUpdateThreadsMetric ... PASS
IORuntimeCtxCommonTest.ActiveIoThreadsMetric ... PASS
IORuntimeCtxCommonTest.UpdateNodesAddRemove ... PASS
IORuntimeCtxCommonTest.UpdateNodesResizesConnectionMap ... PASS
IORuntimeCtxCommonTest.UpdateNodesReportsNewConnections ... PASS
SlotRangeVariations/MRCommandSlotRangeTest.testAddSlotRangeInfo/{ (0, 16383) } ... PASS
IORuntimeCtxCommonTest.IdenticalTopologyUpdateSkipsHandshake ... PASS
IORuntimeCtxCommonTest.ShutdownWithPendingRequests ... PASS
SlotRangeVariations/MRCommandSlotRangeTest.testAddSlotRangeInfo/{ (0, 8191), (8192, 16383) } ... PASS
SlotRangeVariations/MRCommandSlotRangeTest.testAddSlotRangeInfo/{ (0, 5460), (5461, 10922), (10923, 16383) } ... PASS
SlotRangeVariations/MRCommandSlotRangeTest.testAddSlotRangeInfo/{ (0, 4095), (4096, 8191), (8192, 12287), (12288, 16383) } ... PASS
SlotRangeVariations/MRCommandSlotRangeTest.testAddSlotRangeInfo/{ (0, 0), (100, 100), (16383, 16383) } ... PASS
SlotRangeVariations/MRCommandSlotRangeTest.testAddSlotRangeInfo/{ (0, 1000), (5000, 6000), (10000, 16383) } ... PASS
SlotRangeVariations/MRCommandSlotRangeTest.testAddSlotRangeInfo/{ (0, 0), (1, 1), (2, 2) } ... PASS
SlotRangeVariations/MRCommandSlotRangeTest.testAddSlotRangeInfo/{ (0, 1), (2, 3), (3, 4), (5, 6), (7, 8), (9, 10), (11, 12), (13, 14), (15, 16), (17, 18), (19, 20), (21, 22), (23, 24), (25, 26), (27, 28), (29, 30), (31, 32) } ... PASS
SlotRangeVariations/MRCommandSlotRangeTest.testSlotRangeRoundTrip/{ (0, 16383) } ... PASS
SlotRangeVariations/MRCommandSlotRangeTest.testSlotRangeRoundTrip/{ (0, 8191), (8192, 16383) } ... PASS
SlotRangeVariations/MRCommandSlotRangeTest.testSlotRangeRoundTrip/{ (0, 5460), (5461, 10922), (10923, 16383) } ... PASS
SlotRangeVariations/MRCommandSlotRangeTest.testSlotRangeRoundTrip/{ (0, 4095), (4096, 8191), (8192, 12287), (12288, 16383) } ... PASS
SlotRangeVariations/MRCommandSlotRangeTest.testSlotRangeRoundTrip/{ (0, 0), (100, 100), (16383, 16383) } ... PASS
SlotRangeVariations/MRCommandSlotRangeTest.testSlotRangeRoundTrip/{ (0, 1000), (5000, 6000), (10000, 16383) } ... PASS
SlotRangeVariations/MRCommandSlotRangeTest.testSlotRangeRoundTrip/{ (0, 0), (1, 1), (2, 2) } ... PASS
SlotRangeVariations/MRCommandSlotRangeTest.testSlotRangeRoundTrip/{ (0, 1), (2, 3), (3, 4), (5, 6), (7, 8), (9, 10), (11, 12), (13, 14), (15, 16), (17, 18), (19, 20), (21, 22), (23, 24), (25, 26), (27, 28), (29, 30), (31, 32) } ... PASS
PriorityThpoolTestFunctionality/PriorityThpoolTestFunctionality.TestPauseResume/16-byte object <02-00 00-00 00-00 00-00 00-00 00-00 00-00 00-00> ... PASS

=============== FAILED TEST DETAILS ===============
====================================================

Test summary:
100% tests passed, 0 tests failed out of 796

-------------------------------------------------------------------------------
# Running coordinator unit tests:
Running test: test_cluster (log: /work/modules/redisearch/src/tests/logs/coord_test_cluster.log) ... PASS
Running test: test_shard_window_ratio (log: /work/modules/redisearch/src/tests/logs/coord_test_shard_window_ratio.log) ... PASS
Running test: test_chan (log: /work/modules/redisearch/src/tests/logs/coord_test_chan.log) ... PASS
Running test: test_command (log: /work/modules/redisearch/src/tests/logs/coord_test_command.log) ... PASS
Running test: test_distagg (log: /work/modules/redisearch/src/tests/logs/coord_test_distagg.log) ... PASS

-------------------------------------------------------------------------------
# Running C++ coordinator unit tests:
Running all C++ coordinator tests via ctest (log: /work/modules/redisearch/src/tests/logs/rstest_coord.log)
Internal ctest changing into directory: /work/modules/redisearch/src/bin/linux-aarch64-release/search-community/tests/cpptests/coord_tests
Test project /work/modules/redisearch/src/bin/linux-aarch64-release/search-community/tests/cpptests/coord_tests
        Start   1: ClusterIOThreadsTest.TestIOThreadsResize
        Start   2: ClusterTopologyFromAPITest.ThreeMasters_LocalIsMaster
        Start   3: ClusterTopologyFromAPITest.NoAuth_PasswordIsNull
        Start   4: ClusterTopologyFromAPITest.EmptyAuthString_PasswordIsNull
  1/143 Test   #2: ClusterTopologyFromAPITest.ThreeMasters_LocalIsMaster .................................................................................................................................................................................   Passed    0.00 sec
        Start   5: ClusterTopologyFromAPITest.ReplicaFilteredOut
  2/143 Test   #1: ClusterIOThreadsTest.TestIOThreadsResize ..............................................................................................................................................................................................   Passed    0.00 sec
        Start   6: ClusterTopologyFromAPITest.SlotlessMasterFilteredOut
  3/143 Test   #3: ClusterTopologyFromAPITest.NoAuth_PasswordIsNull ......................................................................................................................................................................................   Passed    0.00 sec
        Start   7: ClusterTopologyFromAPITest.InvalidEndpointsSkipped
  4/143 Test   #4: ClusterTopologyFromAPITest.EmptyAuthString_PasswordIsNull .............................................................................................................................................................................   Passed    0.00 sec
        Start   8: ClusterTopologyFromAPITest.LocalIsReplica_NotAnError
  5/143 Test   #5: ClusterTopologyFromAPITest.ReplicaFilteredOut .........................................................................................................................................................................................   Passed    0.00 sec
        Start   9: ClusterTopologyFromAPITest.LocalIsSlotlessMaster_NotAnError
  6/143 Test   #6: ClusterTopologyFromAPITest.SlotlessMasterFilteredOut ..................................................................................................................................................................................   Passed    0.01 sec
        Start  10: ClusterTopologyFromAPITest.EmptyCluster_ReturnsNull
  7/143 Test   #7: ClusterTopologyFromAPITest.InvalidEndpointsSkipped ....................................................................................................................................................................................   Passed    0.01 sec
        Start  11: ClusterTopologyFromAPITest.NoValidShards_ReturnsNull
  8/143 Test   #8: ClusterTopologyFromAPITest.LocalIsReplica_NotAnError ..................................................................................................................................................................................   Passed    0.01 sec
        Start  12: ClusterTopologyFromAPITest.MyselfNotFound_ReturnsNull
  9/143 Test   #9: ClusterTopologyFromAPITest.LocalIsSlotlessMaster_NotAnError ...........................................................................................................................................................................   Passed    0.00 sec
        Start  13: ClusterTopologyFromAPITest.MultipleSlotRangesPerShard
 10/143 Test  #10: ClusterTopologyFromAPITest.EmptyCluster_ReturnsNull ...................................................................................................................................................................................   Passed    0.01 sec
        Start  14: ClusterTopologyFromAPITest.SlotRangesAreOwned
 11/143 Test  #11: ClusterTopologyFromAPITest.NoValidShards_ReturnsNull ..................................................................................................................................................................................   Passed    0.01 sec
        Start  15: ClusterSetTest.BasicTopologyParsing_SingleRangePerShard
 12/143 Test  #12: ClusterTopologyFromAPITest.MyselfNotFound_ReturnsNull .................................................................................................................................................................................   Passed    0.01 sec
        Start  16: ClusterSetTest.SingleShardFullRange
 13/143 Test  #13: ClusterTopologyFromAPITest.MultipleSlotRangesPerShard .................................................................................................................................................................................   Passed    0.00 sec
        Start  17: ClusterSetTest.WithUnixSocket
 14/143 Test  #14: ClusterTopologyFromAPITest.SlotRangesAreOwned .........................................................................................................................................................................................   Passed    0.00 sec
        Start  18: ClusterSetTest.MultipleRangesPerShard_TwoRanges
 15/143 Test  #15: ClusterSetTest.BasicTopologyParsing_SingleRangePerShard ...............................................................................................................................................................................   Passed    0.00 sec
        Start  19: ClusterSetTest.MultipleRangesPerShard_ThreeRanges
 16/143 Test  #16: ClusterSetTest.SingleShardFullRange ...................................................................................................................................................................................................   Passed    0.00 sec
        Start  20: ClusterSetTest.MultipleRangesPerShard_MixedConfiguration
 17/143 Test  #17: ClusterSetTest.WithUnixSocket .........................................................................................................................................................................................................   Passed    0.00 sec
        Start  21: ClusterSetTest.WithReplicas_ReplicasIgnored
 18/143 Test  #18: ClusterSetTest.MultipleRangesPerShard_TwoRanges .......................................................................................................................................................................................   Passed    0.01 sec
        Start  22: ClusterSetTest.MultipleReplicasPerMaster
 19/143 Test  #19: ClusterSetTest.MultipleRangesPerShard_ThreeRanges .....................................................................................................................................................................................   Passed    0.00 sec
        Start  23: ClusterSetTest.ReplicasWithMultipleRanges
 20/143 Test  #20: ClusterSetTest.MultipleRangesPerShard_MixedConfiguration ..............................................................................................................................................................................   Passed    0.00 sec
        Start  24: ClusterSetTest.MissingSLOTRANGE
 21/143 Test  #21: ClusterSetTest.WithReplicas_ReplicasIgnored ...........................................................................................................................................................................................   Passed    0.00 sec
        Start  25: ClusterSetTest.Error_MissingMYID
 22/143 Test  #22: ClusterSetTest.MultipleReplicasPerMaster ..............................................................................................................................................................................................   Passed    0.00 sec
        Start  26: ClusterSetTest.Error_MissingRANGES
 23/143 Test  #23: ClusterSetTest.ReplicasWithMultipleRanges .............................................................................................................................................................................................   Passed    0.00 sec
        Start  27: ClusterSetTest.Error_BadHashFunc
 24/143 Test  #24: ClusterSetTest.MissingSLOTRANGE .......................................................................................................................................................................................................   Passed    0.00 sec
        Start  28: ClusterSetTest.Error_NumSlotsTooLarge
 25/143 Test  #25: ClusterSetTest.Error_MissingMYID ......................................................................................................................................................................................................   Passed    0.00 sec
        Start  29: ClusterSetTest.Error_TooFewRanges
 26/143 Test  #26: ClusterSetTest.Error_MissingRANGES ....................................................................................................................................................................................................   Passed    0.00 sec
        Start  30: ClusterSetTest.Error_TooFewRangesGiven
 27/143 Test  #27: ClusterSetTest.Error_BadHashFunc ......................................................................................................................................................................................................   Passed    0.00 sec
        Start  31: ClusterSetTest.Error_TooManyRangesGiven
 28/143 Test  #28: ClusterSetTest.Error_NumSlotsTooLarge .................................................................................................................................................................................................   Passed    0.00 sec
        Start  32: ClusterSetTest.Error_InvalidSlotRange_StartGreaterThanEnd
 29/143 Test  #29: ClusterSetTest.Error_TooFewRanges .....................................................................................................................................................................................................   Passed    0.00 sec
        Start  33: ClusterSetTest.Error_InvalidSlotRange_EndTooLarge
 30/143 Test  #30: ClusterSetTest.Error_TooFewRangesGiven ................................................................................................................................................................................................   Passed    0.00 sec
        Start  34: ClusterSetTest.Error_InvalidSlotRange_EndTooLargeCustomNumSlots
 31/143 Test  #31: ClusterSetTest.Error_TooManyRangesGiven ...............................................................................................................................................................................................   Passed    0.00 sec
        Start  35: ClusterSetTest.Error_MissingADDR
 32/143 Test  #32: ClusterSetTest.Error_InvalidSlotRange_StartGreaterThanEnd .............................................................................................................................................................................   Passed    0.01 sec
        Start  36: ClusterSetTest.Error_InvalidADDR
 33/143 Test  #33: ClusterSetTest.Error_InvalidSlotRange_EndTooLarge .....................................................................................................................................................................................   Passed    0.01 sec
        Start  37: ClusterSetTest.Error_MultipleADDR
 34/143 Test  #34: ClusterSetTest.Error_InvalidSlotRange_EndTooLargeCustomNumSlots .......................................................................................................................................................................   Passed    0.00 sec
        Start  38: ClusterSetTest.Error_MultipleUNIXADDR
 35/143 Test  #35: ClusterSetTest.Error_MissingADDR ......................................................................................................................................................................................................   Passed    0.00 sec
        Start  39: ClusterSetTest.Error_MYIDNotFound
 36/143 Test  #36: ClusterSetTest.Error_InvalidADDR ......................................................................................................................................................................................................   Passed    0.00 sec
        Start  40: ClusterSetTest.Error_UnexpectedArgument
 37/143 Test  #37: ClusterSetTest.Error_MultipleADDR .....................................................................................................................................................................................................   Passed    0.00 sec
        Start  41: ClusterSetTest.Error_MissingSHARD
 38/143 Test  #38: ClusterSetTest.Error_MultipleUNIXADDR .................................................................................................................................................................................................   Passed    0.00 sec
        Start  42: ClusterSetTest.Error_IncompleteSLOTRANGE_MissingEnd
 39/143 Test  #39: ClusterSetTest.Error_MYIDNotFound .....................................................................................................................................................................................................   Passed    0.00 sec
        Start  43: ClusterSetTest.Error_RANGESCountMismatch_TooFew
 40/143 Test  #40: ClusterSetTest.Error_UnexpectedArgument ...............................................................................................................................................................................................   Passed    0.00 sec
        Start  44: ClusterSetTest.Error_ExtraArgumentsAfterRanges
 41/143 Test  #41: ClusterSetTest.Error_MissingSHARD .....................................................................................................................................................................................................   Passed    0.00 sec
        Start  45: ClusterSetTest.Error_ZeroRANGES
 42/143 Test  #42: ClusterSetTest.Error_IncompleteSLOTRANGE_MissingEnd ...................................................................................................................................................................................   Passed    0.00 sec
        Start  46: ClusterSetTest.Error_MissingADDRValue
 43/143 Test  #43: ClusterSetTest.Error_RANGESCountMismatch_TooFew .......................................................................................................................................................................................   Passed    0.00 sec
        Start  47: ClusterSetTest.Error_MissingUNIXADDRValue
 44/143 Test  #44: ClusterSetTest.Error_ExtraArgumentsAfterRanges ........................................................................................................................................................................................   Passed    0.00 sec
        Start  48: ClusterSetTest.Error_MultipleSLOTRANGE_SameBlock
 45/143 Test  #45: ClusterSetTest.Error_ZeroRANGES .......................................................................................................................................................................................................   Passed    0.01 sec
        Start  49: ClusterSetTest.Error_MultipleADDR_SameBlock
 46/143 Test  #46: ClusterSetTest.Error_MissingADDRValue .................................................................................................................................................................................................   Passed    0.01 sec
        Start  50: ClusterSetTest.Error_MultipleUNIXADDR_SameBlock
 47/143 Test  #47: ClusterSetTest.Error_MissingUNIXADDRValue .............................................................................................................................................................................................   Passed    0.01 sec
        Start  51: ClusterSetTest.Error_ConflictingADDR_Password
 48/143 Test  #48: ClusterSetTest.Error_MultipleSLOTRANGE_SameBlock ......................................................................................................................................................................................   Passed    0.00 sec
        Start  52: ClusterSetTest.Error_ConflictingADDR_Port
 49/143 Test  #49: ClusterSetTest.Error_MultipleADDR_SameBlock ...........................................................................................................................................................................................   Passed    0.00 sec
        Start  53: ClusterSetTest.Error_SLOTRANGE_OutOfOrder
 50/143 Test  #50: ClusterSetTest.Error_MultipleUNIXADDR_SameBlock .......................................................................................................................................................................................   Passed    0.00 sec
        Start  54: ClusterSetTest.Error_SLOTRANGE_Consecutive
 51/143 Test  #51: ClusterSetTest.Error_ConflictingADDR_Password .........................................................................................................................................................................................   Passed    0.00 sec
        Start  55: ClusterSetTest.EdgeCase_SingleSlotRange
 52/143 Test  #52: ClusterSetTest.Error_ConflictingADDR_Port .............................................................................................................................................................................................   Passed    0.00 sec
        Start  56: ClusterSetTest.EdgeCase_CRC12HashFunc
 53/143 Test  #53: ClusterSetTest.Error_SLOTRANGE_OutOfOrder .............................................................................................................................................................................................   Passed    0.00 sec
        Start  57: ClusterSetTest.EdgeCase_CustomNUMSLOTS
 54/143 Test  #54: ClusterSetTest.Error_SLOTRANGE_Consecutive ............................................................................................................................................................................................   Passed    0.00 sec
        Start  58: ClusterSetTest.EdgeCase_HostnameWithDomain
 55/143 Test  #55: ClusterSetTest.EdgeCase_SingleSlotRange ...............................................................................................................................................................................................   Passed    0.00 sec
        Start  59: ClusterSetTest.EdgeCase_ManyShards
 56/143 Test  #56: ClusterSetTest.EdgeCase_CRC12HashFunc .................................................................................................................................................................................................   Passed    0.01 sec
        Start  60: ClusterSetTest.EdgeCase_LocalShardEmpty
 57/143 Test  #57: ClusterSetTest.EdgeCase_CustomNUMSLOTS ................................................................................................................................................................................................   Passed    0.01 sec
        Start  61: ClusterSetTest.EdgeCase_LocalShardReplica
 58/143 Test  #58: ClusterSetTest.EdgeCase_HostnameWithDomain ............................................................................................................................................................................................   Passed    0.01 sec
        Start  62: ClusterSetTest.ShortForm_HappyPath
 59/143 Test  #59: ClusterSetTest.EdgeCase_ManyShards ....................................................................................................................................................................................................   Passed    0.00 sec
        Start  63: ClusterSetTest.ShortForm_FirstArgNotAuth
 60/143 Test  #60: ClusterSetTest.EdgeCase_LocalShardEmpty ...............................................................................................................................................................................................   Passed    0.00 sec
        Start  64: ClusterSetTest.ShortForm_FromAPIFails_NoLocalNode
 61/143 Test  #61: ClusterSetTest.EdgeCase_LocalShardReplica .............................................................................................................................................................................................   Passed    0.00 sec
        Start  65: ClusterSetTest.ShortForm_FromAPIFails_EmptyCluster
 62/143 Test  #62: ClusterSetTest.ShortForm_HappyPath ....................................................................................................................................................................................................   Passed    0.00 sec
        Start  66: ClusterSetTest.ShortForm_DispatchBoundary_NotArgcThree
 63/143 Test  #63: ClusterSetTest.ShortForm_FirstArgNotAuth ..............................................................................................................................................................................................   Passed    0.00 sec
        Start  67: MRCommandTest.testBasicCommandCreation
 64/143 Test  #64: ClusterSetTest.ShortForm_FromAPIFails_NoLocalNode .....................................................................................................................................................................................   Passed    0.00 sec
        Start  68: MRCommandTest.testCommandCreationFromArgv
 65/143 Test  #65: ClusterSetTest.ShortForm_FromAPIFails_EmptyCluster ....................................................................................................................................................................................   Passed    0.01 sec
        Start  69: MRCommandTest.testCommandCopy
 66/143 Test  #68: MRCommandTest.testCommandCreationFromArgv .............................................................................................................................................................................................   Passed    0.00 sec
        Start  70: MRCommandTest.testCommandAppend
 67/143 Test  #66: ClusterSetTest.ShortForm_DispatchBoundary_NotArgcThree ................................................................................................................................................................................   Passed    0.01 sec
        Start  71: MRCommandTest.testCommandInsert
 68/143 Test  #67: MRCommandTest.testBasicCommandCreation ................................................................................................................................................................................................   Passed    0.01 sec
        Start  72: MRCommandTest.testCommandReplaceArg
 69/143 Test  #69: MRCommandTest.testCommandCopy .........................................................................................................................................................................................................   Passed    0.00 sec
        Start  73: MRCommandTest.testCommandSetPrefix
 70/143 Test  #70: MRCommandTest.testCommandAppend .......................................................................................................................................................................................................   Passed    0.00 sec
        Start  74: MRCommandTest.testCommandReplacePrefixExisting
 71/143 Test  #71: MRCommandTest.testCommandInsert .......................................................................................................................................................................................................   Passed    0.00 sec
        Start  75: MRCommandTest.testAddSlotRangeInfoToHybridCommand
 72/143 Test  #72: MRCommandTest.testCommandReplaceArg ...................................................................................................................................................................................................   Passed    0.00 sec
        Start  76: MRCommandTest.testAddSlotRangeInfoToSearchCommand
 73/143 Test  #73: MRCommandTest.testCommandSetPrefix ....................................................................................................................................................................................................   Passed    0.00 sec
        Start  77: MRCommandTest.testAddSlotRangeInfoToAggregateCommand
 74/143 Test  #74: MRCommandTest.testCommandReplacePrefixExisting ........................................................................................................................................................................................   Passed    0.00 sec
        Start  78: DistributeCollectTest.FieldsList_NoSortBy_NoLimit
 75/143 Test  #75: MRCommandTest.testAddSlotRangeInfoToHybridCommand .....................................................................................................................................................................................   Passed    0.01 sec
        Start  79: DistributeCollectTest.FieldsList_SortByOnly_NoLimit
 76/143 Test  #76: MRCommandTest.testAddSlotRangeInfoToSearchCommand .....................................................................................................................................................................................   Passed    0.00 sec
        Start  80: DistributeCollectTest.FieldsList_NoSortBy_Limit_RewritesRemoteLimit
 77/143 Test  #77: MRCommandTest.testAddSlotRangeInfoToAggregateCommand ..................................................................................................................................................................................   Passed    0.00 sec
        Start  81: DistributeCollectTest.FieldsList_SortBy_Limit_RewritesRemoteLimit
 78/143 Test  #78: DistributeCollectTest.FieldsList_NoSortBy_NoLimit .....................................................................................................................................................................................   Passed    0.00 sec
        Start  82: DistributeCollectTest.FieldsStar_NoSortBy_NoLimit
 79/143 Test  #79: DistributeCollectTest.FieldsList_SortByOnly_NoLimit ...................................................................................................................................................................................   Passed    0.01 sec
        Start  83: DistributeCollectTest.FieldsStar_SortByOnly_NoLimit
 80/143 Test  #80: DistributeCollectTest.FieldsList_NoSortBy_Limit_RewritesRemoteLimit ...................................................................................................................................................................   Passed    0.01 sec
        Start  84: DistributeCollectTest.FieldsStar_NoSortBy_Limit_RewritesRemoteLimit
 81/143 Test  #81: DistributeCollectTest.FieldsList_SortBy_Limit_RewritesRemoteLimit .....................................................................................................................................................................   Passed    0.00 sec
        Start  85: DistributeCollectTest.FieldsStar_SortBy_Limit_RewritesRemoteLimit
 82/143 Test  #82: DistributeCollectTest.FieldsStar_NoSortBy_NoLimit .....................................................................................................................................................................................   Passed    0.00 sec
        Start  86: DistributeCollectTest.KeywordCase_NormalizedOnRemote_VerbatimOnLocal
 83/143 Test  #83: DistributeCollectTest.FieldsStar_SortByOnly_NoLimit ...................................................................................................................................................................................   Passed    0.00 sec
        Start  87: HybridBuildMRCommandTest.testBasicCommandTransformation
 84/143 Test  #84: DistributeCollectTest.FieldsStar_NoSortBy_Limit_RewritesRemoteLimit ...................................................................................................................................................................   Passed    0.01 sec
        Start  88: HybridBuildMRCommandTest.testCommandWithParams
 85/143 Test  #85: DistributeCollectTest.FieldsStar_SortBy_Limit_RewritesRemoteLimit .....................................................................................................................................................................   Passed    0.01 sec
        Start  89: HybridBuildMRCommandTest.testCommandWithTimeout
 86/143 Test  #86: DistributeCollectTest.KeywordCase_NormalizedOnRemote_VerbatimOnLocal ..................................................................................................................................................................   Passed    0.00 sec
        Start  90: HybridBuildMRCommandTest.testCommandWithDialect
 87/143 Test  #87: HybridBuildMRCommandTest.testBasicCommandTransformation ...............................................................................................................................................................................   Passed    0.00 sec
        Start  91: HybridBuildMRCommandTest.testCommandWithCombine
 88/143 Test  #88: HybridBuildMRCommandTest.testCommandWithParams ........................................................................................................................................................................................   Passed    0.00 sec
        Start  92: HybridBuildMRCommandTest.testFilterWithPolicyBatches
 89/143 Test  #89: HybridBuildMRCommandTest.testCommandWithTimeout .......................................................................................................................................................................................   Passed    0.01 sec
        Start  93: HybridBuildMRCommandTest.testFilterWithBatchSize
 90/143 Test  #90: HybridBuildMRCommandTest.testCommandWithDialect .......................................................................................................................................................................................   Passed    0.01 sec
        Start  94: HybridBuildMRCommandTest.testFilterWithPolicyAndBatchSize
 91/143 Test  #91: HybridBuildMRCommandTest.testCommandWithCombine .......................................................................................................................................................................................   Passed    0.01 sec
        Start  95: HybridBuildMRCommandTest.testFilterWithBatchSizeAndPolicyReversed
 92/143 Test  #92: HybridBuildMRCommandTest.testFilterWithPolicyBatches ..................................................................................................................................................................................   Passed    0.00 sec
        Start  96: HybridBuildMRCommandTest.testFilterWithPolicyBatchSizeAndCombine
 93/143 Test  #93: HybridBuildMRCommandTest.testFilterWithBatchSize ......................................................................................................................................................................................   Passed    0.00 sec
        Start  97: HybridBuildMRCommandTest.testComplexCommandWithAllParams
 94/143 Test  #94: HybridBuildMRCommandTest.testFilterWithPolicyAndBatchSize .............................................................................................................................................................................   Passed    0.00 sec
        Start  98: HybridBuildMRCommandTest.testComplexCommandParamsAfterTimeout
 95/143 Test  #95: HybridBuildMRCommandTest.testFilterWithBatchSizeAndPolicyReversed .....................................................................................................................................................................   Passed    0.00 sec
        Start  99: HybridBuildMRCommandTest.testMinimalCommand
 96/143 Test  #96: HybridBuildMRCommandTest.testFilterWithPolicyBatchSizeAndCombine ......................................................................................................................................................................   Passed    0.00 sec
        Start 100: HybridBuildMRCommandTest.testExplainScoreNotForwardedFromArgvText
 97/143 Test  #97: HybridBuildMRCommandTest.testComplexCommandWithAllParams ..............................................................................................................................................................................   Passed    0.00 sec
        Start 101: HybridBuildMRCommandTest.testShardKRatioModifiesK
 98/143 Test  #98: HybridBuildMRCommandTest.testComplexCommandParamsAfterTimeout .........................................................................................................................................................................   Passed    0.00 sec
        Start 102: HybridBuildMRCommandTest.testShardKRatioMinGuarantee
 99/143 Test  #99: HybridBuildMRCommandTest.testMinimalCommand ...........................................................................................................................................................................................   Passed    0.00 sec
        Start 103: HybridBuildMRCommandTest.testShardKRatioNoModificationWhenRatioIsOne
100/143 Test #100: HybridBuildMRCommandTest.testExplainScoreNotForwardedFromArgvText .....................................................................................................................................................................   Passed    0.00 sec
        Start 104: HybridBuildMRCommandTest.testCombineRRFZeroCountReconstructed
101/143 Test #101: HybridBuildMRCommandTest.testShardKRatioModifiesK .....................................................................................................................................................................................   Passed    0.00 sec
        Start 105: HybridBuildMRCommandTest.testCombineRRFZeroCountPositionalAliasReconstructed
102/143 Test #102: HybridBuildMRCommandTest.testShardKRatioMinGuarantee ..................................................................................................................................................................................   Passed    0.00 sec
        Start 106: HybridBuildMRCommandTest.testCombineRRFCountedAliasReconstructed
103/143 Test #103: HybridBuildMRCommandTest.testShardKRatioNoModificationWhenRatioIsOne ..................................................................................................................................................................   Passed    0.00 sec
        Start 107: HybridBuildMRCommandTest.testCombineRRFCountedAliasAndConstantReconstructed
104/143 Test #104: HybridBuildMRCommandTest.testCombineRRFZeroCountReconstructed .........................................................................................................................................................................   Passed    0.00 sec
        Start 108: HybridBuildMRCommandTest.testCombineLinearZeroCountReconstructed
105/143 Test #105: HybridBuildMRCommandTest.testCombineRRFZeroCountPositionalAliasReconstructed ..........................................................................................................................................................   Passed    0.00 sec
        Start 109: HybridBuildMRCommandTest.testCombineLinearCountedAliasReconstructed
106/143 Test #106: HybridBuildMRCommandTest.testCombineRRFCountedAliasReconstructed ......................................................................................................................................................................   Passed    0.00 sec
        Start 110: HybridBuildMRCommandTest.testCombineLinearCountedAliasAndWindowReconstructed
107/143 Test #107: HybridBuildMRCommandTest.testCombineRRFCountedAliasAndConstantReconstructed ...........................................................................................................................................................   Passed    0.00 sec
        Start 111: HybridBuildMRCommandTest.testCombineLinearArgsCountedAliasAndWindowReconstructed
108/143 Test #108: HybridBuildMRCommandTest.testCombineLinearZeroCountReconstructed ......................................................................................................................................................................   Passed    0.00 sec
        Start 112: HybridBuildMRCommandTest.testNoCombineForwardsResolvedDefault
109/143 Test #109: HybridBuildMRCommandTest.testCombineLinearCountedAliasReconstructed ...................................................................................................................................................................   Passed    0.00 sec
        Start 113: HybridBuildMRCommandTest.testCombineLinearZeroCountPositionalAliasReconstructed
110/143 Test #110: HybridBuildMRCommandTest.testCombineLinearCountedAliasAndWindowReconstructed ..........................................................................................................................................................   Passed    0.00 sec
        Start 114: HybridBuildMRCommandTest.testCombineRRFFullPositionalAliasReconstructed
111/143 Test #111: HybridBuildMRCommandTest.testCombineLinearArgsCountedAliasAndWindowReconstructed ......................................................................................................................................................   Passed    0.00 sec
        Start 115: HybridBuildMRCommandTest.testCombineInsideParamsNotMistakenForClause
112/143 Test #112: HybridBuildMRCommandTest.testNoCombineForwardsResolvedDefault .........................................................................................................................................................................   Passed    0.00 sec
        Start 116: IORuntimeCtxCommonTest.InitialState
113/143 Test #113: HybridBuildMRCommandTest.testCombineLinearZeroCountPositionalAliasReconstructed .......................................................................................................................................................   Passed    0.00 sec
        Start 117: IORuntimeCtxCommonTest.Schedule
114/143 Test #114: HybridBuildMRCommandTest.testCombineRRFFullPositionalAliasReconstructed ...............................................................................................................................................................   Passed    0.00 sec
        Start 118: IORuntimeCtxCommonTest.ScheduleTopology
115/143 Test #115: HybridBuildMRCommandTest.testCombineInsideParamsNotMistakenForClause ..................................................................................................................................................................   Passed    0.00 sec
        Start 119: IORuntimeCtxCommonTest.MultipleTopologyUpdates
116/143 Test #116: IORuntimeCtxCommonTest.InitialState ...................................................................................................................................................................................................   Passed    0.00 sec
        Start 120: IORuntimeCtxCommonTest.ClearPendingTopo
117/143 Test #118: IORuntimeCtxCommonTest.ScheduleTopology ...............................................................................................................................................................................................   Passed    0.00 sec
        Start 121: IORuntimeCtxCommonTest.ShutdownWithPendingRequests
118/143 Test #117: IORuntimeCtxCommonTest.Schedule .......................................................................................................................................................................................................   Passed    0.01 sec
        Start 122: IORuntimeCtxCommonTest.ActiveIoThreadsMetric
119/143 Test #119: IORuntimeCtxCommonTest.MultipleTopologyUpdates ........................................................................................................................................................................................   Passed    0.00 sec
        Start 123: IORuntimeCtxCommonTest.ActiveTopologyUpdateThreadsMetric
120/143 Test #120: IORuntimeCtxCommonTest.ClearPendingTopo ...............................................................................................................................................................................................   Passed    0.00 sec
        Start 124: IORuntimeCtxCommonTest.UpdateNodesAddRemove
121/143 Test #124: IORuntimeCtxCommonTest.UpdateNodesAddRemove ...........................................................................................................................................................................................   Passed    0.00 sec
        Start 125: IORuntimeCtxCommonTest.UpdateNodesResizesConnectionMap
122/143 Test #122: IORuntimeCtxCommonTest.ActiveIoThreadsMetric ..........................................................................................................................................................................................   Passed    0.01 sec
        Start 126: IORuntimeCtxCommonTest.UpdateNodesReportsNewConnections
123/143 Test #123: IORuntimeCtxCommonTest.ActiveTopologyUpdateThreadsMetric ..............................................................................................................................................................................   Passed    0.01 sec
        Start 127: IORuntimeCtxCommonTest.IdenticalTopologyUpdateSkipsHandshake
124/143 Test #125: IORuntimeCtxCommonTest.UpdateNodesResizesConnectionMap ................................................................................................................................................................................   Passed    0.00 sec
        Start 128: SlotRangeVariations/MRCommandSlotRangeTest.testAddSlotRangeInfo/{ (0, 16383) }
125/143 Test #126: IORuntimeCtxCommonTest.UpdateNodesReportsNewConnections ...............................................................................................................................................................................   Passed    0.00 sec
        Start 129: SlotRangeVariations/MRCommandSlotRangeTest.testAddSlotRangeInfo/{ (0, 8191), (8192, 16383) }
126/143 Test #128: SlotRangeVariations/MRCommandSlotRangeTest.testAddSlotRangeInfo/{ (0, 16383) } ........................................................................................................................................................   Passed    0.00 sec
        Start 130: SlotRangeVariations/MRCommandSlotRangeTest.testAddSlotRangeInfo/{ (0, 5460), (5461, 10922), (10923, 16383) }
127/143 Test #121: IORuntimeCtxCommonTest.ShutdownWithPendingRequests ....................................................................................................................................................................................   Passed    0.02 sec
        Start 131: SlotRangeVariations/MRCommandSlotRangeTest.testAddSlotRangeInfo/{ (0, 4095), (4096, 8191), (8192, 12287), (12288, 16383) }
128/143 Test #127: IORuntimeCtxCommonTest.IdenticalTopologyUpdateSkipsHandshake ..........................................................................................................................................................................   Passed    0.01 sec
        Start 132: SlotRangeVariations/MRCommandSlotRangeTest.testAddSlotRangeInfo/{ (0, 0), (100, 100), (16383, 16383) }
129/143 Test #129: SlotRangeVariations/MRCommandSlotRangeTest.testAddSlotRangeInfo/{ (0, 8191), (8192, 16383) } ..........................................................................................................................................   Passed    0.01 sec
        Start 133: SlotRangeVariations/MRCommandSlotRangeTest.testAddSlotRangeInfo/{ (0, 1000), (5000, 6000), (10000, 16383) }
130/143 Test #130: SlotRangeVariations/MRCommandSlotRangeTest.testAddSlotRangeInfo/{ (0, 5460), (5461, 10922), (10923, 16383) } ..........................................................................................................................   Passed    0.00 sec
        Start 134: SlotRangeVariations/MRCommandSlotRangeTest.testAddSlotRangeInfo/{ (0, 0), (1, 1), (2, 2) }
131/143 Test #131: SlotRangeVariations/MRCommandSlotRangeTest.testAddSlotRangeInfo/{ (0, 4095), (4096, 8191), (8192, 12287), (12288, 16383) } ............................................................................................................   Passed    0.00 sec
        Start 135: SlotRangeVariations/MRCommandSlotRangeTest.testAddSlotRangeInfo/{ (0, 1), (2, 3), (3, 4), (5, 6), (7, 8), (9, 10), (11, 12), (13, 14), (15, 16), (17, 18), (19, 20), (21, 22), (23, 24), (25, 26), (27, 28), (29, 30), (31, 32) }
132/143 Test #132: SlotRangeVariations/MRCommandSlotRangeTest.testAddSlotRangeInfo/{ (0, 0), (100, 100), (16383, 16383) } ................................................................................................................................   Passed    0.00 sec
        Start 136: SlotRangeVariations/MRCommandSlotRangeTest.testSlotRangeRoundTrip/{ (0, 16383) }
133/143 Test #133: SlotRangeVariations/MRCommandSlotRangeTest.testAddSlotRangeInfo/{ (0, 1000), (5000, 6000), (10000, 16383) } ...........................................................................................................................   Passed    0.00 sec
        Start 137: SlotRangeVariations/MRCommandSlotRangeTest.testSlotRangeRoundTrip/{ (0, 8191), (8192, 16383) }
134/143 Test #134: SlotRangeVariations/MRCommandSlotRangeTest.testAddSlotRangeInfo/{ (0, 0), (1, 1), (2, 2) } ............................................................................................................................................   Passed    0.00 sec
        Start 138: SlotRangeVariations/MRCommandSlotRangeTest.testSlotRangeRoundTrip/{ (0, 5460), (5461, 10922), (10923, 16383) }
135/143 Test #135: SlotRangeVariations/MRCommandSlotRangeTest.testAddSlotRangeInfo/{ (0, 1), (2, 3), (3, 4), (5, 6), (7, 8), (9, 10), (11, 12), (13, 14), (15, 16), (17, 18), (19, 20), (21, 22), (23, 24), (25, 26), (27, 28), (29, 30), (31, 32) } .....   Passed    0.01 sec
        Start 139: SlotRangeVariations/MRCommandSlotRangeTest.testSlotRangeRoundTrip/{ (0, 4095), (4096, 8191), (8192, 12287), (12288, 16383) }
136/143 Test #136: SlotRangeVariations/MRCommandSlotRangeTest.testSlotRangeRoundTrip/{ (0, 16383) } ......................................................................................................................................................   Passed    0.00 sec
        Start 140: SlotRangeVariations/MRCommandSlotRangeTest.testSlotRangeRoundTrip/{ (0, 0), (100, 100), (16383, 16383) }
137/143 Test #137: SlotRangeVariations/MRCommandSlotRangeTest.testSlotRangeRoundTrip/{ (0, 8191), (8192, 16383) } ........................................................................................................................................   Passed    0.00 sec
        Start 141: SlotRangeVariations/MRCommandSlotRangeTest.testSlotRangeRoundTrip/{ (0, 1000), (5000, 6000), (10000, 16383) }
138/143 Test #138: SlotRangeVariations/MRCommandSlotRangeTest.testSlotRangeRoundTrip/{ (0, 5460), (5461, 10922), (10923, 16383) } ........................................................................................................................   Passed    0.00 sec
        Start 142: SlotRangeVariations/MRCommandSlotRangeTest.testSlotRangeRoundTrip/{ (0, 0), (1, 1), (2, 2) }
139/143 Test #139: SlotRangeVariations/MRCommandSlotRangeTest.testSlotRangeRoundTrip/{ (0, 4095), (4096, 8191), (8192, 12287), (12288, 16383) } ..........................................................................................................   Passed    0.00 sec
        Start 143: SlotRangeVariations/MRCommandSlotRangeTest.testSlotRangeRoundTrip/{ (0, 1), (2, 3), (3, 4), (5, 6), (7, 8), (9, 10), (11, 12), (13, 14), (15, 16), (17, 18), (19, 20), (21, 22), (23, 24), (25, 26), (27, 28), (29, 30), (31, 32) }
140/143 Test #140: SlotRangeVariations/MRCommandSlotRangeTest.testSlotRangeRoundTrip/{ (0, 0), (100, 100), (16383, 16383) } ..............................................................................................................................   Passed    0.00 sec
141/143 Test #141: SlotRangeVariations/MRCommandSlotRangeTest.testSlotRangeRoundTrip/{ (0, 1000), (5000, 6000), (10000, 16383) } .........................................................................................................................   Passed    0.00 sec
142/143 Test #142: SlotRangeVariations/MRCommandSlotRangeTest.testSlotRangeRoundTrip/{ (0, 0), (1, 1), (2, 2) } ..........................................................................................................................................   Passed    0.00 sec
143/143 Test #143: SlotRangeVariations/MRCommandSlotRangeTest.testSlotRangeRoundTrip/{ (0, 1), (2, 3), (3, 4), (5, 6), (7, 8), (9, 10), (11, 12), (13, 14), (15, 16), (17, 18), (19, 20), (21, 22), (23, 24), (25, 26), (27, 28), (29, 30), (31, 32) } ...   Passed    0.00 sec

100% tests passed, 0 tests failed out of 143

Total Test time (real) =   0.18 sec
Individual test results:
ClusterTopologyFromAPITest.ThreeMasters_LocalIsMaster ... PASS
ClusterIOThreadsTest.TestIOThreadsResize ... PASS
ClusterTopologyFromAPITest.NoAuth_PasswordIsNull ... PASS
ClusterTopologyFromAPITest.EmptyAuthString_PasswordIsNull ... PASS
ClusterTopologyFromAPITest.ReplicaFilteredOut ... PASS
ClusterTopologyFromAPITest.SlotlessMasterFilteredOut ... PASS
ClusterTopologyFromAPITest.InvalidEndpointsSkipped ... PASS
ClusterTopologyFromAPITest.LocalIsReplica_NotAnError ... PASS
ClusterTopologyFromAPITest.LocalIsSlotlessMaster_NotAnError ... PASS
ClusterTopologyFromAPITest.EmptyCluster_ReturnsNull ... PASS
ClusterTopologyFromAPITest.NoValidShards_ReturnsNull ... PASS
ClusterTopologyFromAPITest.MyselfNotFound_ReturnsNull ... PASS
ClusterTopologyFromAPITest.MultipleSlotRangesPerShard ... PASS
ClusterTopologyFromAPITest.SlotRangesAreOwned ... PASS
ClusterSetTest.BasicTopologyParsing_SingleRangePerShard ... PASS
ClusterSetTest.SingleShardFullRange ... PASS
ClusterSetTest.WithUnixSocket ... PASS
ClusterSetTest.MultipleRangesPerShard_TwoRanges ... PASS
ClusterSetTest.MultipleRangesPerShard_ThreeRanges ... PASS
ClusterSetTest.MultipleRangesPerShard_MixedConfiguration ... PASS
ClusterSetTest.WithReplicas_ReplicasIgnored ... PASS
ClusterSetTest.MultipleReplicasPerMaster ... PASS
ClusterSetTest.ReplicasWithMultipleRanges ... PASS
ClusterSetTest.MissingSLOTRANGE ... PASS
ClusterSetTest.Error_MissingMYID ... PASS
ClusterSetTest.Error_MissingRANGES ... PASS
ClusterSetTest.Error_BadHashFunc ... PASS
ClusterSetTest.Error_NumSlotsTooLarge ... PASS
ClusterSetTest.Error_TooFewRanges ... PASS
ClusterSetTest.Error_TooFewRangesGiven ... PASS
ClusterSetTest.Error_TooManyRangesGiven ... PASS
ClusterSetTest.Error_InvalidSlotRange_StartGreaterThanEnd ... PASS
ClusterSetTest.Error_InvalidSlotRange_EndTooLarge ... PASS
ClusterSetTest.Error_InvalidSlotRange_EndTooLargeCustomNumSlots ... PASS
ClusterSetTest.Error_MissingADDR ... PASS
ClusterSetTest.Error_InvalidADDR ... PASS
ClusterSetTest.Error_MultipleADDR ... PASS
ClusterSetTest.Error_MultipleUNIXADDR ... PASS
ClusterSetTest.Error_MYIDNotFound ... PASS
ClusterSetTest.Error_UnexpectedArgument ... PASS
ClusterSetTest.Error_MissingSHARD ... PASS
ClusterSetTest.Error_IncompleteSLOTRANGE_MissingEnd ... PASS
ClusterSetTest.Error_RANGESCountMismatch_TooFew ... PASS
ClusterSetTest.Error_ExtraArgumentsAfterRanges ... PASS
ClusterSetTest.Error_ZeroRANGES ... PASS
ClusterSetTest.Error_MissingADDRValue ... PASS
ClusterSetTest.Error_MissingUNIXADDRValue ... PASS
ClusterSetTest.Error_MultipleSLOTRANGE_SameBlock ... PASS
ClusterSetTest.Error_MultipleADDR_SameBlock ... PASS
ClusterSetTest.Error_MultipleUNIXADDR_SameBlock ... PASS
ClusterSetTest.Error_ConflictingADDR_Password ... PASS
ClusterSetTest.Error_ConflictingADDR_Port ... PASS
ClusterSetTest.Error_SLOTRANGE_OutOfOrder ... PASS
ClusterSetTest.Error_SLOTRANGE_Consecutive ... PASS
ClusterSetTest.EdgeCase_SingleSlotRange ... PASS
ClusterSetTest.EdgeCase_CRC12HashFunc ... PASS
ClusterSetTest.EdgeCase_CustomNUMSLOTS ... PASS
ClusterSetTest.EdgeCase_HostnameWithDomain ... PASS
ClusterSetTest.EdgeCase_ManyShards ... PASS
ClusterSetTest.EdgeCase_LocalShardEmpty ... PASS
ClusterSetTest.EdgeCase_LocalShardReplica ... PASS
ClusterSetTest.ShortForm_HappyPath ... PASS
ClusterSetTest.ShortForm_FirstArgNotAuth ... PASS
ClusterSetTest.ShortForm_FromAPIFails_NoLocalNode ... PASS
ClusterSetTest.ShortForm_FromAPIFails_EmptyCluster ... PASS
MRCommandTest.testCommandCreationFromArgv ... PASS
ClusterSetTest.ShortForm_DispatchBoundary_NotArgcThree ... PASS
MRCommandTest.testBasicCommandCreation ... PASS
MRCommandTest.testCommandCopy ... PASS
MRCommandTest.testCommandAppend ... PASS
MRCommandTest.testCommandInsert ... PASS
MRCommandTest.testCommandReplaceArg ... PASS
MRCommandTest.testCommandSetPrefix ... PASS
MRCommandTest.testCommandReplacePrefixExisting ... PASS
MRCommandTest.testAddSlotRangeInfoToHybridCommand ... PASS
MRCommandTest.testAddSlotRangeInfoToSearchCommand ... PASS
MRCommandTest.testAddSlotRangeInfoToAggregateCommand ... PASS
DistributeCollectTest.FieldsList_NoSortBy_NoLimit ... PASS
DistributeCollectTest.FieldsList_SortByOnly_NoLimit ... PASS
DistributeCollectTest.FieldsList_NoSortBy_Limit_RewritesRemoteLimit ... PASS
DistributeCollectTest.FieldsList_SortBy_Limit_RewritesRemoteLimit ... PASS
DistributeCollectTest.FieldsStar_NoSortBy_NoLimit ... PASS
DistributeCollectTest.FieldsStar_SortByOnly_NoLimit ... PASS
DistributeCollectTest.FieldsStar_NoSortBy_Limit_RewritesRemoteLimit ... PASS
DistributeCollectTest.FieldsStar_SortBy_Limit_RewritesRemoteLimit ... PASS
DistributeCollectTest.KeywordCase_NormalizedOnRemote_VerbatimOnLocal ... PASS
HybridBuildMRCommandTest.testBasicCommandTransformation ... PASS
HybridBuildMRCommandTest.testCommandWithParams ... PASS
HybridBuildMRCommandTest.testCommandWithTimeout ... PASS
HybridBuildMRCommandTest.testCommandWithDialect ... PASS
HybridBuildMRCommandTest.testCommandWithCombine ... PASS
HybridBuildMRCommandTest.testFilterWithPolicyBatches ... PASS
HybridBuildMRCommandTest.testFilterWithBatchSize ... PASS
HybridBuildMRCommandTest.testFilterWithPolicyAndBatchSize ... PASS
HybridBuildMRCommandTest.testFilterWithBatchSizeAndPolicyReversed ... PASS
HybridBuildMRCommandTest.testFilterWithPolicyBatchSizeAndCombine ... PASS
HybridBuildMRCommandTest.testComplexCommandWithAllParams ... PASS
HybridBuildMRCommandTest.testComplexCommandParamsAfterTimeout ... PASS
HybridBuildMRCommandTest.testMinimalCommand ... PASS
HybridBuildMRCommandTest.testExplainScoreNotForwardedFromArgvText ... PASS
HybridBuildMRCommandTest.testShardKRatioModifiesK ... PASS
HybridBuildMRCommandTest.testShardKRatioMinGuarantee ... PASS
HybridBuildMRCommandTest.testShardKRatioNoModificationWhenRatioIsOne ... PASS
HybridBuildMRCommandTest.testCombineRRFZeroCountReconstructed ... PASS
HybridBuildMRCommandTest.testCombineRRFZeroCountPositionalAliasReconstructed ... PASS
HybridBuildMRCommandTest.testCombineRRFCountedAliasReconstructed ... PASS
HybridBuildMRCommandTest.testCombineRRFCountedAliasAndConstantReconstructed ... PASS
HybridBuildMRCommandTest.testCombineLinearZeroCountReconstructed ... PASS
HybridBuildMRCommandTest.testCombineLinearCountedAliasReconstructed ... PASS
HybridBuildMRCommandTest.testCombineLinearCountedAliasAndWindowReconstructed ... PASS
HybridBuildMRCommandTest.testCombineLinearArgsCountedAliasAndWindowReconstructed ... PASS
HybridBuildMRCommandTest.testNoCombineForwardsResolvedDefault ... PASS
HybridBuildMRCommandTest.testCombineLinearZeroCountPositionalAliasReconstructed ... PASS
HybridBuildMRCommandTest.testCombineRRFFullPositionalAliasReconstructed ... PASS
HybridBuildMRCommandTest.testCombineInsideParamsNotMistakenForClause ... PASS
IORuntimeCtxCommonTest.InitialState ... PASS
IORuntimeCtxCommonTest.ScheduleTopology ... PASS
IORuntimeCtxCommonTest.Schedule ... PASS
IORuntimeCtxCommonTest.MultipleTopologyUpdates ... PASS
IORuntimeCtxCommonTest.ClearPendingTopo ... PASS
IORuntimeCtxCommonTest.UpdateNodesAddRemove ... PASS
IORuntimeCtxCommonTest.ActiveIoThreadsMetric ... PASS
IORuntimeCtxCommonTest.ActiveTopologyUpdateThreadsMetric ... PASS
IORuntimeCtxCommonTest.UpdateNodesResizesConnectionMap ... PASS
IORuntimeCtxCommonTest.UpdateNodesReportsNewConnections ... PASS
SlotRangeVariations/MRCommandSlotRangeTest.testAddSlotRangeInfo/{ (0, 16383) } ... PASS
IORuntimeCtxCommonTest.ShutdownWithPendingRequests ... PASS
IORuntimeCtxCommonTest.IdenticalTopologyUpdateSkipsHandshake ... PASS
SlotRangeVariations/MRCommandSlotRangeTest.testAddSlotRangeInfo/{ (0, 8191), (8192, 16383) } ... PASS
SlotRangeVariations/MRCommandSlotRangeTest.testAddSlotRangeInfo/{ (0, 5460), (5461, 10922), (10923, 16383) } ... PASS
SlotRangeVariations/MRCommandSlotRangeTest.testAddSlotRangeInfo/{ (0, 4095), (4096, 8191), (8192, 12287), (12288, 16383) } ... PASS
SlotRangeVariations/MRCommandSlotRangeTest.testAddSlotRangeInfo/{ (0, 0), (100, 100), (16383, 16383) } ... PASS
SlotRangeVariations/MRCommandSlotRangeTest.testAddSlotRangeInfo/{ (0, 1000), (5000, 6000), (10000, 16383) } ... PASS
SlotRangeVariations/MRCommandSlotRangeTest.testAddSlotRangeInfo/{ (0, 0), (1, 1), (2, 2) } ... PASS
SlotRangeVariations/MRCommandSlotRangeTest.testAddSlotRangeInfo/{ (0, 1), (2, 3), (3, 4), (5, 6), (7, 8), (9, 10), (11, 12), (13, 14), (15, 16), (17, 18), (19, 20), (21, 22), (23, 24), (25, 26), (27, 28), (29, 30), (31, 32) } ... PASS
SlotRangeVariations/MRCommandSlotRangeTest.testSlotRangeRoundTrip/{ (0, 16383) } ... PASS
SlotRangeVariations/MRCommandSlotRangeTest.testSlotRangeRoundTrip/{ (0, 8191), (8192, 16383) } ... PASS
SlotRangeVariations/MRCommandSlotRangeTest.testSlotRangeRoundTrip/{ (0, 5460), (5461, 10922), (10923, 16383) } ... PASS
SlotRangeVariations/MRCommandSlotRangeTest.testSlotRangeRoundTrip/{ (0, 4095), (4096, 8191), (8192, 12287), (12288, 16383) } ... PASS
SlotRangeVariations/MRCommandSlotRangeTest.testSlotRangeRoundTrip/{ (0, 0), (100, 100), (16383, 16383) } ... PASS
SlotRangeVariations/MRCommandSlotRangeTest.testSlotRangeRoundTrip/{ (0, 1000), (5000, 6000), (10000, 16383) } ... PASS
SlotRangeVariations/MRCommandSlotRangeTest.testSlotRangeRoundTrip/{ (0, 0), (1, 1), (2, 2) } ... PASS
SlotRangeVariations/MRCommandSlotRangeTest.testSlotRangeRoundTrip/{ (0, 1), (2, 3), (3, 4), (5, 6), (7, 8), (9, 10), (11, 12), (13, 14), (15, 16), (17, 18), (19, 20), (21, 22), (23, 24), (25, 26), (27, 28), (29, 30), (31, 32) } ... PASS

Test summary:
100% tests passed, 0 tests failed out of 143

===============================================================================
  TEST RESULTS SUMMARY
===============================================================================

  C   Unit Tests                               PASSED (15/15)
  C++ Unit Tests                               PASSED (796/796)
  C   Coordinator Unit Tests                   PASSED (5/5)
  C++ Coordinator Unit Tests                   PASSED (143/143)

-------------------------------------------------------------------------------
  TOTAL: 959 passed, 0 failed, 959 total
  STATUS: ALL TESTS PASSED
===============================================================================
All unit tests passed!
